t,action,id,label,level,group
0,1,1,1,6,11
0,1,2,2,6,11
0,1,6,6,6,11
0,1,8,8,6,11
0,1,9,9,6,11
0,1,11,11,6,11
0,1,13,13,6,11
0,1,14,14,6,11
0,1,15,15,6,11
0,1,16,16,6,11
0,1,17,17,6,11
0,1,23,23,6,11
0,1,26,26,6,11
0,1,29,29,6,11
0,1,30,30,6,11
0,1,32,32,6,11
0,1,33,33,6,11
0,1,34,34,6,11
0,1,37,37,6,11
0,1,38,38,6,11
0,1,39,39,6,11
0,1,40,40,6,11
0,1,43,43,6,11
0,1,47,47,6,11
0,1,48,48,6,11
0,1,49,49,6,11
0,1,50,50,6,21
0,1,55,55,6,21
0,1,56,56,6,21
0,1,57,57,6,21
0,1,58,58,6,21
0,1,59,59,6,21
0,1,61,61,6,21
0,1,62,62,6,21
0,1,63,63,6,21
0,1,65,65,6,21
0,1,66,66,6,21
0,1,67,67,6,21
0,1,70,70,6,21
0,1,71,71,6,21
0,1,72,72,6,21
0,1,73,73,6,21
0,1,74,74,6,21
0,1,76,76,6,21
0,1,78,78,6,21
0,1,79,79,6,21
0,1,80,80,6,21
0,1,82,82,6,21
0,1,83,83,6,21
0,1,84,84,6,21
0,1,85,85,6,21
0,1,87,87,6,21
0,1,88,88,6,21
0,1,89,89,6,21
0,1,90,90,6,21
0,1,92,92,6,21
0,1,93,93,6,21
0,1,94,94,6,21
0,1,96,96,6,21
0,1,98,98,6,21
0,1,100,100,4,11
0,1,102,102,4,11
0,1,135,135,4,21
0,1,103,103,4,11
0,1,105,105,4,11
0,1,137,137,4,21
0,1,139,139,4,21
0,1,107,107,4,11
0,1,141,141,4,21
0,1,108,108,4,11
0,1,109,109,4,11
0,1,110,110,4,11
0,1,144,144,4,21
0,1,146,146,4,21
0,1,111,111,4,11
0,1,148,148,4,21
0,1,113,113,4,11
0,1,152,152,4,21
0,1,153,153,4,21
0,1,154,154,4,21
0,1,155,155,4,21
0,1,157,157,4,21
0,1,116,116,4,11
0,1,118,118,4,11
0,1,158,158,4,21
0,1,159,159,4,21
0,1,160,160,4,21
0,1,161,161,4,21
0,1,162,162,4,21
0,1,119,119,4,11
0,1,120,120,4,11
0,1,121,121,4,11
0,1,164,164,4,21
0,1,122,122,4,11
0,1,124,124,4,11
0,1,125,125,4,11
0,1,127,127,4,11
0,1,169,169,4,21
0,1,128,128,4,11
0,1,130,130,4,11
0,1,131,131,4,11
0,1,132,132,4,11
0,1,134,134,4,11
0,1,173,173,2,11
0,1,198,198,2,21
0,1,178,178,2,11
0,1,179,179,2,11
0,1,189,189,2,11
0,1,207,207,2,21
0,1,224,224,2,21
1,2,100,100,4,11
2,1,510,510,6,10
2,1,510-87,510-87,5,m-nodes
2,3,100,100,4,11
3,2,102,102,4,11
4,1,1-92,1-92,5,m-nodes
4,3,102,102,4,11
5,2,135,135,4,21
6,3,135,135,4,21
7,2,103,103,4,11
8,1,511,511,6,20
8,1,2-511,2-511,5,m-nodes
8,3,103,103,4,11
9,2,105,105,4,11
10,1,512,512,6,10
10,1,512-84,512-84,5,m-nodes
10,3,105,105,4,11
11,2,137,137,4,21
12,1,513,513,6,10
12,1,513-84,513-84,5,m-nodes
12,3,137,137,4,21
13,2,139,139,4,21
14,1,513-72,513-72,5,m-nodes
14,3,139,139,4,21
15,2,107,107,4,11
16,1,514,514,6,20
16,1,513-514,513-514,5,m-nodes
16,3,107,107,4,11
17,2,141,141,4,21
18,1,515,515,6,10
18,1,515-61,515-61,5,m-nodes
18,3,141,141,4,21
19,2,108,108,4,11
20,1,6-87,6-87,5,m-nodes
20,3,108,108,4,11
21,2,109,109,4,11
22,1,6-85,6-85,5,m-nodes
22,3,109,109,4,11
23,2,110,110,4,11
24,1,13-74,13-74,5,m-nodes
24,3,110,110,4,11
25,2,144,144,4,21
26,1,13-70,13-70,5,m-nodes
26,3,144,144,4,21
27,2,146,146,4,21
28,1,13-62,13-62,5,m-nodes
28,3,146,146,4,21
29,2,111,111,4,11
30,1,516,516,6,20
30,1,15-516,15-516,5,m-nodes
30,3,111,111,4,11
31,2,148,148,4,21
32,1,517,517,6,10
32,1,517-511,517-511,5,m-nodes
32,3,148,148,4,21
33,2,113,113,4,11
34,3,113,113,4,11
35,2,152,152,4,21
36,1,518,518,6,10
36,1,518-50,518-50,5,m-nodes
36,3,152,152,4,21
37,2,153,153,4,21
38,1,519,519,6,20
38,1,26-519,26-519,5,m-nodes
38,3,153,153,4,21
39,2,154,154,4,21
40,1,26-92,26-92,5,m-nodes
40,3,154,154,4,21
41,2,155,155,4,21
42,1,520,520,6,20
42,1,13-520,13-520,5,m-nodes
42,3,155,155,4,21
43,2,157,157,4,21
44,1,521,521,6,20
44,1,30-521,30-521,5,m-nodes
44,3,157,157,4,21
45,2,116,116,4,11
46,1,30-516,30-516,5,m-nodes
46,3,116,116,4,11
47,2,118,118,4,11
48,1,522,522,6,20
48,1,30-522,30-522,5,m-nodes
48,3,118,118,4,11
49,2,158,158,4,21
50,1,30-87,30-87,5,m-nodes
50,3,158,158,4,21
51,2,159,159,4,21
52,3,159,159,4,21
53,2,160,160,4,21
54,1,523,523,6,10
54,1,523-522,523-522,5,m-nodes
54,3,160,160,4,21
55,2,161,161,4,21
56,1,13-519,13-519,5,m-nodes
56,3,161,161,4,21
57,2,162,162,4,21
58,1,13-55,13-55,5,m-nodes
58,3,162,162,4,21
59,2,119,119,4,11
60,1,33-56,33-56,5,m-nodes
60,3,119,119,4,11
61,2,120,120,4,11
62,3,120,120,4,11
63,2,121,121,4,11
64,1,34-98,34-98,5,m-nodes
64,3,121,121,4,11
65,2,164,164,4,21
66,1,34-85,34-85,5,m-nodes
66,3,164,164,4,21
67,2,122,122,4,11
68,1,510-73,510-73,5,m-nodes
68,3,122,122,4,11
69,2,124,124,4,11
70,1,39-65,39-65,5,m-nodes
70,3,124,124,4,11
71,2,125,125,4,11
72,1,524,524,6,10
72,1,524-79,524-79,5,m-nodes
72,3,125,125,4,11
73,2,127,127,4,11
74,3,127,127,4,11
75,2,169,169,4,21
76,1,525,525,6,10
76,1,525-521,525-521,5,m-nodes
76,3,169,169,4,21
77,2,128,128,4,11
78,3,128,128,4,11
79,2,130,130,4,11
80,1,526,526,6,10
80,1,526-78,526-78,5,m-nodes
80,3,130,130,4,11
81,2,131,131,4,11
82,1,526-84,526-84,5,m-nodes
82,3,131,131,4,11
83,2,132,132,4,11
84,1,47-84,47-84,5,m-nodes
84,3,132,132,4,11
85,2,134,134,4,11
86,1,49-65,49-65,5,m-nodes
86,3,134,134,4,11
87,2,173,173,2,11
88,1,527,527,4,10
88,1,527-161,527-161,3,m-nodes
88,3,173,173,2,11
89,2,527,527,4,10
90,1,528,528,6,10
90,1,528-58,528-58,5,m-nodes
90,3,527,527,4,10
91,2,198,198,2,21
92,1,529,529,4,20
92,1,103-529,103-529,3,m-nodes
92,3,198,198,2,21
93,2,529,529,4,20
94,1,528-73,528-73,5,m-nodes
94,3,529,529,4,20
95,2,178,178,2,11
96,1,530,530,4,20
96,1,109-530,109-530,3,m-nodes
96,3,178,178,2,11
97,2,530,530,4,20
98,1,11-88,11-88,5,m-nodes
98,3,530,530,4,20
99,2,179,179,2,11
100,1,531,531,4,20
100,1,109-531,109-531,3,m-nodes
100,3,179,179,2,11
101,2,531,531,4,20
102,3,531,531,4,20
103,2,189,189,2,11
104,1,119-169,119-169,3,m-nodes
104,3,189,189,2,11
105,2,207,207,2,21
106,3,207,207,2,21
107,2,224,224,2,21
108,1,532,532,4,10
108,1,533,533,4,20
108,1,532-533,532-533,3,m-nodes
108,3,224,224,2,21
108,2,533,533,4,20
109,2,532,532,4,10
110,1,23-514,23-514,5,m-nodes
110,3,532,532,4,10
111,2,533,533,4,20
112,1,48-92,48-92,5,m-nodes
112,3,533,533,4,20
113,2,100,100,4,11
113,0,510-87,510-87,5,m-nodes
114,1,510-87,510-87,5,m-nodes
114,3,100,100,4,11
115,2,102,102,4,11
116,3,102,102,4,11
117,2,135,135,4,21
118,3,135,135,4,21
119,2,103,103,4,11
119,0,2-511,2-511,5,m-nodes
120,1,534,534,6,20
120,1,2-534,2-534,5,m-nodes
120,3,103,103,4,11
121,2,105,105,4,11
121,0,512-84,512-84,5,m-nodes
122,0,512,512,6,10
122,1,512,512,6,10
122,1,512-84,512-84,5,m-nodes
122,3,105,105,4,11
123,2,137,137,4,21
123,0,513-84,513-84,5,m-nodes
124,3,137,137,4,21
125,2,139,139,4,21
125,0,513-72,513-72,5,m-nodes
126,1,513-72,513-72,5,m-nodes
126,3,139,139,4,21
127,2,107,107,4,11
127,0,513-514,513-514,5,m-nodes
128,1,535,535,6,20
128,1,513-535,513-535,5,m-nodes
128,3,107,107,4,11
129,2,141,141,4,21
129,0,515-61,515-61,5,m-nodes
130,0,515,515,6,10
130,1,515,515,6,10
130,1,515-61,515-61,5,m-nodes
130,3,141,141,4,21
131,2,108,108,4,11
131,0,6-87,6-87,5,m-nodes
132,1,6-87,6-87,5,m-nodes
132,3,108,108,4,11
133,2,109,109,4,11
133,0,6-85,6-85,5,m-nodes
134,1,6-85,6-85,5,m-nodes
134,3,109,109,4,11
135,2,110,110,4,11
135,0,13-74,13-74,5,m-nodes
136,1,13-74,13-74,5,m-nodes
136,3,110,110,4,11
137,2,144,144,4,21
137,0,13-70,13-70,5,m-nodes
138,1,13-70,13-70,5,m-nodes
138,3,144,144,4,21
139,2,146,146,4,21
139,0,13-62,13-62,5,m-nodes
140,1,13-62,13-62,5,m-nodes
140,3,146,146,4,21
141,2,111,111,4,11
141,0,15-516,15-516,5,m-nodes
142,1,536,536,6,20
142,1,15-536,15-536,5,m-nodes
142,3,111,111,4,11
143,2,148,148,4,21
144,3,148,148,4,21
145,2,113,113,4,11
146,3,113,113,4,11
147,2,152,152,4,21
147,0,518-50,518-50,5,m-nodes
148,0,518,518,6,10
148,1,518,518,6,10
148,1,518-50,518-50,5,m-nodes
148,3,152,152,4,21
149,2,153,153,4,21
149,0,26-519,26-519,5,m-nodes
150,1,26-519,26-519,5,m-nodes
150,3,153,153,4,21
151,2,154,154,4,21
151,0,26-92,26-92,5,m-nodes
152,1,26-92,26-92,5,m-nodes
152,3,154,154,4,21
153,2,155,155,4,21
153,0,13-520,13-520,5,m-nodes
154,0,520,520,6,20
154,1,520,520,6,20
154,1,13-520,13-520,5,m-nodes
154,3,155,155,4,21
155,2,157,157,4,21
155,0,30-521,30-521,5,m-nodes
156,1,537,537,6,20
156,1,30-537,30-537,5,m-nodes
156,3,157,157,4,21
157,2,116,116,4,11
157,0,30-516,30-516,5,m-nodes
158,0,516,516,6,20
158,1,30-536,30-536,5,m-nodes
158,3,116,116,4,11
159,2,118,118,4,11
159,0,30-522,30-522,5,m-nodes
160,1,30-511,30-511,5,m-nodes
160,3,118,118,4,11
161,2,158,158,4,21
162,3,158,158,4,21
163,2,159,159,4,21
164,3,159,159,4,21
165,2,160,160,4,21
165,0,523-522,523-522,5,m-nodes
166,0,523,523,6,10
166,0,522,522,6,20
166,1,522,522,6,10
166,1,523,523,6,20
166,1,522-523,522-523,5,m-nodes
166,3,160,160,4,21
167,2,161,161,4,21
167,0,13-519,13-519,5,m-nodes
168,1,13-519,13-519,5,m-nodes
168,3,161,161,4,21
169,2,162,162,4,21
169,0,13-55,13-55,5,m-nodes
170,1,13-55,13-55,5,m-nodes
170,3,162,162,4,21
171,2,119,119,4,11
172,3,119,119,4,11
173,2,120,120,4,11
174,3,120,120,4,11
175,2,121,121,4,11
175,0,34-98,34-98,5,m-nodes
176,1,34-98,34-98,5,m-nodes
176,3,121,121,4,11
177,2,164,164,4,21
177,0,34-85,34-85,5,m-nodes
178,1,34-85,34-85,5,m-nodes
178,3,164,164,4,21
179,2,122,122,4,11
179,0,510-73,510-73,5,m-nodes
180,1,510-73,510-73,5,m-nodes
180,3,122,122,4,11
181,2,124,124,4,11
181,0,39-65,39-65,5,m-nodes
182,1,39-65,39-65,5,m-nodes
182,3,124,124,4,11
183,2,125,125,4,11
184,3,125,125,4,11
185,2,127,127,4,11
186,3,127,127,4,11
187,2,169,169,4,21
188,3,169,169,4,21
189,2,128,128,4,11
190,3,128,128,4,11
191,2,130,130,4,11
191,0,526-78,526-78,5,m-nodes
192,1,526-78,526-78,5,m-nodes
192,3,130,130,4,11
193,2,131,131,4,11
193,0,526-84,526-84,5,m-nodes
194,1,526-84,526-84,5,m-nodes
194,3,131,131,4,11
195,2,132,132,4,11
195,0,47-84,47-84,5,m-nodes
196,1,47-84,47-84,5,m-nodes
196,3,132,132,4,11
197,2,134,134,4,11
197,0,49-65,49-65,5,m-nodes
198,1,49-65,49-65,5,m-nodes
198,3,134,134,4,11
199,2,173,173,2,11
199,0,527-161,527-161,3,m-nodes
200,1,527-161,527-161,3,m-nodes
200,3,173,173,2,11
201,2,527,527,4,10
201,0,528-58,528-58,5,m-nodes
202,1,516,516,6,20
202,1,9-516,9-516,5,m-nodes
202,3,527,527,4,10
203,2,198,198,2,21
203,0,103-529,103-529,3,m-nodes
204,1,103-529,103-529,3,m-nodes
204,3,198,198,2,21
205,2,529,529,4,20
205,0,528-73,528-73,5,m-nodes
206,0,528,528,6,10
206,1,16-73,16-73,5,m-nodes
206,3,529,529,4,20
207,2,178,178,2,11
207,0,109-530,109-530,3,m-nodes
208,1,109-530,109-530,3,m-nodes
208,3,178,178,2,11
209,2,530,530,4,20
209,0,11-88,11-88,5,m-nodes
210,1,11-88,11-88,5,m-nodes
210,3,530,530,4,20
211,2,179,179,2,11
211,0,109-531,109-531,3,m-nodes
212,1,109-531,109-531,3,m-nodes
212,3,179,179,2,11
213,2,531,531,4,20
214,1,37-92,37-92,5,m-nodes
214,3,531,531,4,20
215,2,189,189,2,11
216,3,189,189,2,11
217,2,207,207,2,21
218,3,207,207,2,21
219,2,224,224,2,21
219,0,532-533,532-533,3,m-nodes
220,1,532-533,532-533,3,m-nodes
220,3,224,224,2,21
220,2,533,533,4,20
220,0,48-92,48-92,5,m-nodes
221,2,532,532,4,10
221,0,23-514,23-514,5,m-nodes
222,0,514,514,6,20
222,1,23-78,23-78,5,m-nodes
222,3,532,532,4,10
223,2,533,533,4,20
224,1,48-67,48-67,5,m-nodes
224,3,533,533,4,20
225,2,100,100,4,11
225,0,510-87,510-87,5,m-nodes
226,1,510-87,510-87,5,m-nodes
226,3,100,100,4,11
227,2,102,102,4,11
228,3,102,102,4,11
229,2,135,135,4,21
230,3,135,135,4,21
231,2,103,103,4,11
231,0,2-534,2-534,5,m-nodes
232,0,534,534,6,20
232,1,534,534,6,20
232,1,2-534,2-534,5,m-nodes
232,3,103,103,4,11
233,2,105,105,4,11
234,3,105,105,4,11
235,2,137,137,4,21
236,3,137,137,4,21
237,2,139,139,4,21
237,0,513-72,513-72,5,m-nodes
238,1,517-72,517-72,5,m-nodes
238,3,139,139,4,21
239,2,107,107,4,11
239,0,513-535,513-535,5,m-nodes
240,0,513,513,6,10
240,0,535,535,6,20
240,1,535,535,6,10
240,1,513,513,6,20
240,1,535-513,535-513,5,m-nodes
240,3,107,107,4,11
241,2,141,141,4,21
241,0,515-61,515-61,5,m-nodes
242,0,515,515,6,10
242,1,515,515,6,10
242,1,515-61,515-61,5,m-nodes
242,3,141,141,4,21
243,2,108,108,4,11
243,0,6-87,6-87,5,m-nodes
244,1,6-87,6-87,5,m-nodes
244,3,108,108,4,11
245,2,109,109,4,11
245,0,6-85,6-85,5,m-nodes
246,1,6-85,6-85,5,m-nodes
246,3,109,109,4,11
247,2,110,110,4,11
247,0,13-74,13-74,5,m-nodes
248,1,13-74,13-74,5,m-nodes
248,3,110,110,4,11
249,2,144,144,4,21
249,0,13-70,13-70,5,m-nodes
250,1,13-70,13-70,5,m-nodes
250,3,144,144,4,21
251,2,146,146,4,21
251,0,13-62,13-62,5,m-nodes
252,1,13-62,13-62,5,m-nodes
252,3,146,146,4,21
253,2,111,111,4,11
253,0,15-536,15-536,5,m-nodes
254,1,514,514,6,20
254,1,15-514,15-514,5,m-nodes
254,3,111,111,4,11
255,2,148,148,4,21
256,3,148,148,4,21
257,2,113,113,4,11
258,3,113,113,4,11
259,2,152,152,4,21
259,0,518-50,518-50,5,m-nodes
260,0,518,518,6,10
260,1,518,518,6,10
260,1,518-50,518-50,5,m-nodes
260,3,152,152,4,21
261,2,153,153,4,21
261,0,26-519,26-519,5,m-nodes
262,1,26-519,26-519,5,m-nodes
262,3,153,153,4,21
263,2,154,154,4,21
263,0,26-92,26-92,5,m-nodes
264,1,26-92,26-92,5,m-nodes
264,3,154,154,4,21
265,2,155,155,4,21
265,0,13-520,13-520,5,m-nodes
266,0,520,520,6,20
266,1,520,520,6,20
266,1,13-520,13-520,5,m-nodes
266,3,155,155,4,21
267,2,157,157,4,21
267,0,30-537,30-537,5,m-nodes
268,0,537,537,6,20
268,3,157,157,4,21
269,2,116,116,4,11
270,1,30-514,30-514,5,m-nodes
270,3,116,116,4,11
271,2,118,118,4,11
271,0,30-511,30-511,5,m-nodes
272,1,30-511,30-511,5,m-nodes
272,3,118,118,4,11
273,2,158,158,4,21
274,3,158,158,4,21
275,2,159,159,4,21
276,3,159,159,4,21
277,2,160,160,4,21
277,0,522-523,522-523,5,m-nodes
278,0,522,522,6,10
278,0,523,523,6,20
278,1,523,523,6,10
278,1,523-511,523-511,5,m-nodes
278,3,160,160,4,21
279,2,161,161,4,21
279,0,13-519,13-519,5,m-nodes
280,1,13-519,13-519,5,m-nodes
280,3,161,161,4,21
281,2,162,162,4,21
281,0,13-55,13-55,5,m-nodes
282,1,13-55,13-55,5,m-nodes
282,3,162,162,4,21
283,2,119,119,4,11
284,3,119,119,4,11
285,2,120,120,4,11
286,3,120,120,4,11
287,2,121,121,4,11
287,0,34-98,34-98,5,m-nodes
288,1,34-98,34-98,5,m-nodes
288,3,121,121,4,11
289,2,164,164,4,21
289,0,34-85,34-85,5,m-nodes
290,1,34-85,34-85,5,m-nodes
290,3,164,164,4,21
291,2,122,122,4,11
291,0,510-73,510-73,5,m-nodes
292,1,510-73,510-73,5,m-nodes
292,3,122,122,4,11
293,2,124,124,4,11
293,0,39-65,39-65,5,m-nodes
294,1,39-65,39-65,5,m-nodes
294,3,124,124,4,11
295,2,125,125,4,11
296,3,125,125,4,11
297,2,127,127,4,11
298,3,127,127,4,11
299,2,169,169,4,21
300,3,169,169,4,21
301,2,128,128,4,11
302,3,128,128,4,11
303,2,130,130,4,11
303,0,526-78,526-78,5,m-nodes
304,1,526-78,526-78,5,m-nodes
304,3,130,130,4,11
305,2,131,131,4,11
305,0,526-84,526-84,5,m-nodes
306,1,526-84,526-84,5,m-nodes
306,3,131,131,4,11
307,2,132,132,4,11
307,0,47-84,47-84,5,m-nodes
308,1,47-84,47-84,5,m-nodes
308,3,132,132,4,11
309,2,134,134,4,11
309,0,49-65,49-65,5,m-nodes
310,1,49-65,49-65,5,m-nodes
310,3,134,134,4,11
311,2,173,173,2,11
311,0,527-161,527-161,3,m-nodes
312,0,527,527,4,10
312,0,9-516,9-516,5,m-nodes
312,1,527,527,4,10
312,1,527-161,527-161,3,m-nodes
312,3,173,173,2,11
313,2,527,527,4,10
314,1,525-65,525-65,5,m-nodes
314,3,527,527,4,10
315,2,198,198,2,21
315,0,103-529,103-529,3,m-nodes
316,1,103-529,103-529,3,m-nodes
316,3,198,198,2,21
317,2,529,529,4,20
317,0,16-73,16-73,5,m-nodes
318,1,43-58,43-58,5,m-nodes
318,3,529,529,4,20
319,2,178,178,2,11
319,0,109-530,109-530,3,m-nodes
320,1,109-530,109-530,3,m-nodes
320,3,178,178,2,11
321,2,530,530,4,20
321,0,11-88,11-88,5,m-nodes
322,1,11-88,11-88,5,m-nodes
322,3,530,530,4,20
323,2,179,179,2,11
323,0,109-531,109-531,3,m-nodes
324,1,109-531,109-531,3,m-nodes
324,3,179,179,2,11
325,2,531,531,4,20
325,0,37-92,37-92,5,m-nodes
326,1,522,522,6,20
326,1,37-522,37-522,5,m-nodes
326,3,531,531,4,20
327,2,189,189,2,11
328,3,189,189,2,11
329,2,207,207,2,21
330,3,207,207,2,21
331,2,224,224,2,21
331,0,532-533,532-533,3,m-nodes
332,1,532-533,532-533,3,m-nodes
332,3,224,224,2,21
332,2,533,533,4,20
332,0,48-67,48-67,5,m-nodes
333,2,532,532,4,10
333,0,23-78,23-78,5,m-nodes
334,1,11-92,11-92,5,m-nodes
334,3,532,532,4,10
335,2,533,533,4,20
336,1,48-78,48-78,5,m-nodes
336,3,533,533,4,20
337,2,100,100,4,11
337,0,510-87,510-87,5,m-nodes
338,1,510-87,510-87,5,m-nodes
338,3,100,100,4,11
339,2,102,102,4,11
340,3,102,102,4,11
341,2,135,135,4,21
342,3,135,135,4,21
343,2,103,103,4,11
343,0,2-534,2-534,5,m-nodes
344,0,534,534,6,20
344,1,534,534,6,20
344,1,2-534,2-534,5,m-nodes
344,3,103,103,4,11
345,2,105,105,4,11
346,3,105,105,4,11
347,2,137,137,4,21
348,1,537,537,6,10
348,1,537-84,537-84,5,m-nodes
348,3,137,137,4,21
349,2,139,139,4,21
349,0,517-72,517-72,5,m-nodes
350,1,535-72,535-72,5,m-nodes
350,3,139,139,4,21
351,2,107,107,4,11
351,0,535-513,535-513,5,m-nodes
352,0,513,513,6,20
352,1,513,513,6,20
352,1,535-513,535-513,5,m-nodes
352,3,107,107,4,11
353,2,141,141,4,21
353,0,515-61,515-61,5,m-nodes
354,0,515,515,6,10
354,1,523-61,523-61,5,m-nodes
354,3,141,141,4,21
355,2,108,108,4,11
355,0,6-87,6-87,5,m-nodes
356,1,6-87,6-87,5,m-nodes
356,3,108,108,4,11
357,2,109,109,4,11
357,0,6-85,6-85,5,m-nodes
358,1,6-85,6-85,5,m-nodes
358,3,109,109,4,11
359,2,110,110,4,11
359,0,13-74,13-74,5,m-nodes
360,1,13-74,13-74,5,m-nodes
360,3,110,110,4,11
361,2,144,144,4,21
361,0,13-70,13-70,5,m-nodes
362,1,13-70,13-70,5,m-nodes
362,3,144,144,4,21
363,2,146,146,4,21
363,0,13-62,13-62,5,m-nodes
364,1,13-62,13-62,5,m-nodes
364,3,146,146,4,21
365,2,111,111,4,11
365,0,15-514,15-514,5,m-nodes
366,1,515,515,6,20
366,1,15-515,15-515,5,m-nodes
366,3,111,111,4,11
367,2,148,148,4,21
368,3,148,148,4,21
369,2,113,113,4,11
370,3,113,113,4,11
371,2,152,152,4,21
371,0,518-50,518-50,5,m-nodes
372,0,518,518,6,10
372,1,518,518,6,10
372,1,518-50,518-50,5,m-nodes
372,3,152,152,4,21
373,2,153,153,4,21
373,0,26-519,26-519,5,m-nodes
374,1,26-519,26-519,5,m-nodes
374,3,153,153,4,21
375,2,154,154,4,21
375,0,26-92,26-92,5,m-nodes
376,1,26-92,26-92,5,m-nodes
376,3,154,154,4,21
377,2,155,155,4,21
377,0,13-520,13-520,5,m-nodes
378,0,520,520,6,20
378,1,520,520,6,20
378,1,13-520,13-520,5,m-nodes
378,3,155,155,4,21
379,2,157,157,4,21
379,0,30-536,30-536,5,m-nodes
380,0,536,536,6,20
380,3,157,157,4,21
381,2,116,116,4,11
382,1,30-515,30-515,5,m-nodes
382,3,116,116,4,11
383,2,118,118,4,11
383,0,30-511,30-511,5,m-nodes
384,1,30-511,30-511,5,m-nodes
384,3,118,118,4,11
385,2,158,158,4,21
386,3,158,158,4,21
387,2,159,159,4,21
388,3,159,159,4,21
389,2,160,160,4,21
389,0,523-511,523-511,5,m-nodes
390,1,536,536,6,20
390,1,535-536,535-536,5,m-nodes
390,3,160,160,4,21
391,2,161,161,4,21
391,0,13-519,13-519,5,m-nodes
392,1,13-519,13-519,5,m-nodes
392,3,161,161,4,21
393,2,162,162,4,21
393,0,13-55,13-55,5,m-nodes
394,1,528,528,6,10
394,1,528-66,528-66,5,m-nodes
394,3,162,162,4,21
395,2,119,119,4,11
396,3,119,119,4,11
397,2,120,120,4,11
398,3,120,120,4,11
399,2,121,121,4,11
399,0,34-98,34-98,5,m-nodes
400,1,34-98,34-98,5,m-nodes
400,3,121,121,4,11
401,2,164,164,4,21
401,0,34-85,34-85,5,m-nodes
402,1,34-85,34-85,5,m-nodes
402,3,164,164,4,21
403,2,122,122,4,11
403,0,510-73,510-73,5,m-nodes
404,1,510-73,510-73,5,m-nodes
404,3,122,122,4,11
405,2,124,124,4,11
405,0,39-65,39-65,5,m-nodes
406,1,39-65,39-65,5,m-nodes
406,3,124,124,4,11
407,2,125,125,4,11
408,3,125,125,4,11
409,2,127,127,4,11
410,3,127,127,4,11
411,2,169,169,4,21
412,3,169,169,4,21
413,2,128,128,4,11
414,3,128,128,4,11
415,2,130,130,4,11
415,0,526-78,526-78,5,m-nodes
416,1,526-78,526-78,5,m-nodes
416,3,130,130,4,11
417,2,131,131,4,11
417,0,526-84,526-84,5,m-nodes
418,1,526-84,526-84,5,m-nodes
418,3,131,131,4,11
419,2,132,132,4,11
419,0,47-84,47-84,5,m-nodes
420,1,47-84,47-84,5,m-nodes
420,3,132,132,4,11
421,2,134,134,4,11
421,0,49-65,49-65,5,m-nodes
422,1,49-65,49-65,5,m-nodes
422,3,134,134,4,11
423,2,173,173,2,11
423,0,527-161,527-161,3,m-nodes
424,1,527-161,527-161,3,m-nodes
424,3,173,173,2,11
425,2,527,527,4,10
425,0,525-65,525-65,5,m-nodes
426,1,8-521,8-521,5,m-nodes
426,3,527,527,4,10
427,2,198,198,2,21
427,0,103-529,103-529,3,m-nodes
428,1,103-529,103-529,3,m-nodes
428,3,198,198,2,21
429,2,529,529,4,20
429,0,43-58,43-58,5,m-nodes
430,1,43-58,43-58,5,m-nodes
430,3,529,529,4,20
431,2,178,178,2,11
431,0,109-530,109-530,3,m-nodes
432,1,109-530,109-530,3,m-nodes
432,3,178,178,2,11
433,2,530,530,4,20
433,0,11-88,11-88,5,m-nodes
434,1,11-88,11-88,5,m-nodes
434,3,530,530,4,20
435,2,179,179,2,11
435,0,109-531,109-531,3,m-nodes
436,1,109-531,109-531,3,m-nodes
436,3,179,179,2,11
437,2,531,531,4,20
437,0,37-522,37-522,5,m-nodes
438,0,522,522,6,20
438,1,524-59,524-59,5,m-nodes
438,3,531,531,4,20
439,2,189,189,2,11
440,3,189,189,2,11
441,2,207,207,2,21
442,3,207,207,2,21
443,2,224,224,2,21
443,0,532-533,532-533,3,m-nodes
444,1,532-533,532-533,3,m-nodes
444,3,224,224,2,21
444,2,533,533,4,20
444,0,48-78,48-78,5,m-nodes
445,2,532,532,4,10
445,0,11-92,11-92,5,m-nodes
446,1,23-78,23-78,5,m-nodes
446,3,532,532,4,10
447,2,533,533,4,20
448,1,48-65,48-65,5,m-nodes
448,3,533,533,4,20
449,2,100,100,4,11
449,0,510-87,510-87,5,m-nodes
450,1,510-87,510-87,5,m-nodes
450,3,100,100,4,11
451,2,102,102,4,11
452,3,102,102,4,11
453,2,135,135,4,21
454,3,135,135,4,21
455,2,103,103,4,11
455,0,2-534,2-534,5,m-nodes
456,0,534,534,6,20
456,1,534,534,6,20
456,1,2-534,2-534,5,m-nodes
456,3,103,103,4,11
457,2,105,105,4,11
457,0,512-84,512-84,5,m-nodes
458,0,512,512,6,10
458,3,105,105,4,11
459,2,137,137,4,21
460,3,137,137,4,21
461,2,139,139,4,21
461,0,535-72,535-72,5,m-nodes
462,1,517-72,517-72,5,m-nodes
462,3,139,139,4,21
463,2,107,107,4,11
463,0,535-513,535-513,5,m-nodes
464,0,513,513,6,20
464,1,513,513,6,20
464,1,528-513,528-513,5,m-nodes
464,3,107,107,4,11
465,2,141,141,4,21
465,0,523-61,523-61,5,m-nodes
466,0,523,523,6,10
466,1,523,523,6,10
466,1,523-61,523-61,5,m-nodes
466,3,141,141,4,21
467,2,108,108,4,11
467,0,6-87,6-87,5,m-nodes
468,1,6-87,6-87,5,m-nodes
468,3,108,108,4,11
469,2,109,109,4,11
469,0,6-85,6-85,5,m-nodes
470,1,6-85,6-85,5,m-nodes
470,3,109,109,4,11
471,2,110,110,4,11
471,0,13-74,13-74,5,m-nodes
472,1,13-74,13-74,5,m-nodes
472,3,110,110,4,11
473,2,144,144,4,21
473,0,13-70,13-70,5,m-nodes
474,1,13-70,13-70,5,m-nodes
474,3,144,144,4,21
475,2,146,146,4,21
475,0,13-62,13-62,5,m-nodes
476,1,13-62,13-62,5,m-nodes
476,3,146,146,4,21
477,2,111,111,4,11
477,0,15-515,15-515,5,m-nodes
478,1,512,512,6,20
478,1,15-512,15-512,5,m-nodes
478,3,111,111,4,11
479,2,148,148,4,21
480,3,148,148,4,21
481,2,113,113,4,11
482,3,113,113,4,11
483,2,152,152,4,21
483,0,518-50,518-50,5,m-nodes
484,0,518,518,6,10
484,1,518,518,6,10
484,1,518-50,518-50,5,m-nodes
484,3,152,152,4,21
485,2,153,153,4,21
485,0,26-519,26-519,5,m-nodes
486,1,26-519,26-519,5,m-nodes
486,3,153,153,4,21
487,2,154,154,4,21
487,0,26-92,26-92,5,m-nodes
488,1,26-92,26-92,5,m-nodes
488,3,154,154,4,21
489,2,155,155,4,21
489,0,13-520,13-520,5,m-nodes
490,0,520,520,6,20
490,1,520,520,6,20
490,1,528-520,528-520,5,m-nodes
490,3,155,155,4,21
491,2,157,157,4,21
491,0,30-514,30-514,5,m-nodes
492,0,514,514,6,20
492,3,157,157,4,21
493,2,116,116,4,11
494,1,30-512,30-512,5,m-nodes
494,3,116,116,4,11
495,2,118,118,4,11
495,0,30-511,30-511,5,m-nodes
496,1,30-511,30-511,5,m-nodes
496,3,118,118,4,11
497,2,158,158,4,21
498,3,158,158,4,21
499,2,159,159,4,21
500,3,159,159,4,21
501,2,160,160,4,21
501,0,535-536,535-536,5,m-nodes
502,0,535,535,6,10
502,0,536,536,6,20
502,1,536,536,6,10
502,1,536-72,536-72,5,m-nodes
502,3,160,160,4,21
503,2,161,161,4,21
503,0,13-519,13-519,5,m-nodes
504,1,528-519,528-519,5,m-nodes
504,3,161,161,4,21
505,2,162,162,4,21
505,0,528-66,528-66,5,m-nodes
506,1,528-66,528-66,5,m-nodes
506,3,162,162,4,21
507,2,119,119,4,11
508,3,119,119,4,11
509,2,120,120,4,11
510,3,120,120,4,11
511,2,121,121,4,11
511,0,34-98,34-98,5,m-nodes
512,1,34-98,34-98,5,m-nodes
512,3,121,121,4,11
513,2,164,164,4,21
513,0,34-85,34-85,5,m-nodes
514,1,34-85,34-85,5,m-nodes
514,3,164,164,4,21
515,2,122,122,4,11
515,0,510-73,510-73,5,m-nodes
516,1,510-73,510-73,5,m-nodes
516,3,122,122,4,11
517,2,124,124,4,11
517,0,39-65,39-65,5,m-nodes
518,1,39-65,39-65,5,m-nodes
518,3,124,124,4,11
519,2,125,125,4,11
520,3,125,125,4,11
521,2,127,127,4,11
522,3,127,127,4,11
523,2,169,169,4,21
524,3,169,169,4,21
525,2,128,128,4,11
526,3,128,128,4,11
527,2,130,130,4,11
527,0,526-78,526-78,5,m-nodes
528,1,526-78,526-78,5,m-nodes
528,3,130,130,4,11
529,2,131,131,4,11
529,0,526-84,526-84,5,m-nodes
530,1,526-84,526-84,5,m-nodes
530,3,131,131,4,11
531,2,132,132,4,11
531,0,47-84,47-84,5,m-nodes
532,1,47-84,47-84,5,m-nodes
532,3,132,132,4,11
533,2,134,134,4,11
533,0,49-65,49-65,5,m-nodes
534,1,49-65,49-65,5,m-nodes
534,3,134,134,4,11
535,2,173,173,2,11
535,0,527-161,527-161,3,m-nodes
536,1,527-161,527-161,3,m-nodes
536,3,173,173,2,11
537,2,527,527,4,10
537,0,8-521,8-521,5,m-nodes
538,1,8-521,8-521,5,m-nodes
538,3,527,527,4,10
539,2,198,198,2,21
539,0,103-529,103-529,3,m-nodes
540,1,103-529,103-529,3,m-nodes
540,3,198,198,2,21
541,2,529,529,4,20
541,0,43-58,43-58,5,m-nodes
542,1,43-58,43-58,5,m-nodes
542,3,529,529,4,20
543,2,178,178,2,11
543,0,109-530,109-530,3,m-nodes
544,1,109-530,109-530,3,m-nodes
544,3,178,178,2,11
545,2,530,530,4,20
545,0,11-88,11-88,5,m-nodes
546,1,11-88,11-88,5,m-nodes
546,3,530,530,4,20
547,2,179,179,2,11
547,0,109-531,109-531,3,m-nodes
548,1,109-531,109-531,3,m-nodes
548,3,179,179,2,11
549,2,531,531,4,20
549,0,524-59,524-59,5,m-nodes
550,1,535,535,6,10
550,1,535-89,535-89,5,m-nodes
550,3,531,531,4,20
551,2,189,189,2,11
552,3,189,189,2,11
553,2,207,207,2,21
554,3,207,207,2,21
555,2,224,224,2,21
555,0,532-533,532-533,3,m-nodes
556,1,532-533,532-533,3,m-nodes
556,3,224,224,2,21
556,2,533,533,4,20
556,0,48-65,48-65,5,m-nodes
557,2,532,532,4,10
557,0,23-78,23-78,5,m-nodes
558,1,13-90,13-90,5,m-nodes
558,3,532,532,4,10
559,2,533,533,4,20
560,1,514,514,6,10
560,1,514-78,514-78,5,m-nodes
560,3,533,533,4,20
561,2,100,100,4,11
561,0,510-87,510-87,5,m-nodes
562,1,510-87,510-87,5,m-nodes
562,3,100,100,4,11
563,2,102,102,4,11
564,3,102,102,4,11
565,2,135,135,4,21
566,3,135,135,4,21
567,2,103,103,4,11
567,0,2-534,2-534,5,m-nodes
568,0,534,534,6,20
568,1,534,534,6,20
568,1,2-534,2-534,5,m-nodes
568,3,103,103,4,11
569,2,105,105,4,11
570,3,105,105,4,11
571,2,137,137,4,21
572,3,137,137,4,21
573,2,139,139,4,21
573,0,517-72,517-72,5,m-nodes
574,1,517-72,517-72,5,m-nodes
574,3,139,139,4,21
575,2,107,107,4,11
575,0,528-513,528-513,5,m-nodes
576,0,513,513,6,20
576,1,513,513,6,20
576,1,517-513,517-513,5,m-nodes
576,3,107,107,4,11
577,2,141,141,4,21
577,0,523-61,523-61,5,m-nodes
578,0,523,523,6,10
578,1,523,523,6,10
578,1,523-61,523-61,5,m-nodes
578,3,141,141,4,21
579,2,108,108,4,11
579,0,6-87,6-87,5,m-nodes
580,1,6-87,6-87,5,m-nodes
580,3,108,108,4,11
581,2,109,109,4,11
581,0,6-85,6-85,5,m-nodes
582,1,6-85,6-85,5,m-nodes
582,3,109,109,4,11
583,2,110,110,4,11
583,0,13-74,13-74,5,m-nodes
584,1,13-74,13-74,5,m-nodes
584,3,110,110,4,11
585,2,144,144,4,21
585,0,13-70,13-70,5,m-nodes
586,1,13-70,13-70,5,m-nodes
586,3,144,144,4,21
587,2,146,146,4,21
587,0,13-62,13-62,5,m-nodes
588,1,13-62,13-62,5,m-nodes
588,3,146,146,4,21
589,2,111,111,4,11
589,0,15-512,15-512,5,m-nodes
590,1,522,522,6,20
590,1,15-522,15-522,5,m-nodes
590,3,111,111,4,11
591,2,148,148,4,21
592,3,148,148,4,21
593,2,113,113,4,11
594,3,113,113,4,11
595,2,152,152,4,21
595,0,518-50,518-50,5,m-nodes
596,0,518,518,6,10
596,1,518,518,6,10
596,1,518-50,518-50,5,m-nodes
596,3,152,152,4,21
597,2,153,153,4,21
597,0,26-519,26-519,5,m-nodes
598,1,26-519,26-519,5,m-nodes
598,3,153,153,4,21
599,2,154,154,4,21
599,0,26-92,26-92,5,m-nodes
600,1,26-92,26-92,5,m-nodes
600,3,154,154,4,21
601,2,155,155,4,21
601,0,528-520,528-520,5,m-nodes
602,0,520,520,6,20
602,1,520,520,6,20
602,1,528-520,528-520,5,m-nodes
602,3,155,155,4,21
603,2,157,157,4,21
603,0,30-515,30-515,5,m-nodes
604,0,515,515,6,20
604,3,157,157,4,21
605,2,116,116,4,11
606,1,515,515,6,20
606,1,30-515,30-515,5,m-nodes
606,3,116,116,4,11
607,2,118,118,4,11
607,0,30-511,30-511,5,m-nodes
608,1,30-511,30-511,5,m-nodes
608,3,118,118,4,11
609,2,158,158,4,21
610,3,158,158,4,21
611,2,159,159,4,21
612,3,159,159,4,21
613,2,160,160,4,21
613,0,536-72,536-72,5,m-nodes
614,0,536,536,6,10
614,1,536,536,6,10
614,1,536-511,536-511,5,m-nodes
614,3,160,160,4,21
615,2,161,161,4,21
615,0,528-519,528-519,5,m-nodes
616,1,528-519,528-519,5,m-nodes
616,3,161,161,4,21
617,2,162,162,4,21
617,0,528-66,528-66,5,m-nodes
618,1,528-66,528-66,5,m-nodes
618,3,162,162,4,21
619,2,119,119,4,11
620,3,119,119,4,11
621,2,120,120,4,11
622,3,120,120,4,11
623,2,121,121,4,11
623,0,34-98,34-98,5,m-nodes
624,1,34-98,34-98,5,m-nodes
624,3,121,121,4,11
625,2,164,164,4,21
625,0,34-85,34-85,5,m-nodes
626,1,34-85,34-85,5,m-nodes
626,3,164,164,4,21
627,2,122,122,4,11
627,0,510-73,510-73,5,m-nodes
628,1,510-73,510-73,5,m-nodes
628,3,122,122,4,11
629,2,124,124,4,11
629,0,39-65,39-65,5,m-nodes
630,1,39-65,39-65,5,m-nodes
630,3,124,124,4,11
631,2,125,125,4,11
632,3,125,125,4,11
633,2,127,127,4,11
634,3,127,127,4,11
635,2,169,169,4,21
636,3,169,169,4,21
637,2,128,128,4,11
638,3,128,128,4,11
639,2,130,130,4,11
639,0,526-78,526-78,5,m-nodes
640,1,526-78,526-78,5,m-nodes
640,3,130,130,4,11
641,2,131,131,4,11
641,0,526-84,526-84,5,m-nodes
642,1,526-84,526-84,5,m-nodes
642,3,131,131,4,11
643,2,132,132,4,11
643,0,47-84,47-84,5,m-nodes
644,1,47-84,47-84,5,m-nodes
644,3,132,132,4,11
645,2,134,134,4,11
645,0,49-65,49-65,5,m-nodes
646,1,49-65,49-65,5,m-nodes
646,3,134,134,4,11
647,2,173,173,2,11
647,0,527-161,527-161,3,m-nodes
648,1,527-161,527-161,3,m-nodes
648,3,173,173,2,11
649,2,527,527,4,10
649,0,8-521,8-521,5,m-nodes
650,1,8-521,8-521,5,m-nodes
650,3,527,527,4,10
651,2,198,198,2,21
651,0,103-529,103-529,3,m-nodes
652,1,103-529,103-529,3,m-nodes
652,3,198,198,2,21
653,2,529,529,4,20
653,0,43-58,43-58,5,m-nodes
654,1,535-58,535-58,5,m-nodes
654,3,529,529,4,20
655,2,178,178,2,11
655,0,109-530,109-530,3,m-nodes
656,1,109-530,109-530,3,m-nodes
656,3,178,178,2,11
657,2,530,530,4,20
657,0,11-88,11-88,5,m-nodes
658,1,13-80,13-80,5,m-nodes
658,3,530,530,4,20
659,2,179,179,2,11
659,0,109-531,109-531,3,m-nodes
660,1,109-531,109-531,3,m-nodes
660,3,179,179,2,11
661,2,531,531,4,20
661,0,535-89,535-89,5,m-nodes
662,1,524-89,524-89,5,m-nodes
662,3,531,531,4,20
663,2,189,189,2,11
664,3,189,189,2,11
665,2,207,207,2,21
666,3,207,207,2,21
667,2,224,224,2,21
667,0,532-533,532-533,3,m-nodes
668,1,532-533,532-533,3,m-nodes
668,3,224,224,2,21
668,2,533,533,4,20
668,0,514-78,514-78,5,m-nodes
668,0,514,514,6,10
669,2,532,532,4,10
669,0,13-90,13-90,5,m-nodes
670,1,514,514,6,10
670,1,514-71,514-71,5,m-nodes
670,3,532,532,4,10
671,2,533,533,4,20
672,1,48-65,48-65,5,m-nodes
672,3,533,533,4,20
673,2,100,100,4,11
673,0,510-87,510-87,5,m-nodes
674,1,510-87,510-87,5,m-nodes
674,3,100,100,4,11
675,2,102,102,4,11
676,3,102,102,4,11
677,2,135,135,4,21
678,3,135,135,4,21
679,2,103,103,4,11
679,0,2-534,2-534,5,m-nodes
680,0,534,534,6,20
680,1,534,534,6,20
680,1,2-534,2-534,5,m-nodes
680,3,103,103,4,11
681,2,105,105,4,11
682,3,105,105,4,11
683,2,137,137,4,21
684,3,137,137,4,21
685,2,139,139,4,21
685,0,517-72,517-72,5,m-nodes
686,1,517-72,517-72,5,m-nodes
686,3,139,139,4,21
687,2,107,107,4,11
687,0,517-513,517-513,5,m-nodes
688,0,513,513,6,20
688,1,513,513,6,20
688,1,536-513,536-513,5,m-nodes
688,3,107,107,4,11
689,2,141,141,4,21
689,0,523-61,523-61,5,m-nodes
690,0,523,523,6,10
690,1,523,523,6,10
690,1,523-61,523-61,5,m-nodes
690,3,141,141,4,21
691,2,108,108,4,11
691,0,6-87,6-87,5,m-nodes
692,1,6-87,6-87,5,m-nodes
692,3,108,108,4,11
693,2,109,109,4,11
693,0,6-85,6-85,5,m-nodes
694,1,6-85,6-85,5,m-nodes
694,3,109,109,4,11
695,2,110,110,4,11
695,0,13-74,13-74,5,m-nodes
696,1,13-74,13-74,5,m-nodes
696,3,110,110,4,11
697,2,144,144,4,21
697,0,13-70,13-70,5,m-nodes
698,1,13-70,13-70,5,m-nodes
698,3,144,144,4,21
699,2,146,146,4,21
699,0,13-62,13-62,5,m-nodes
700,1,13-62,13-62,5,m-nodes
700,3,146,146,4,21
701,2,111,111,4,11
701,0,15-522,15-522,5,m-nodes
702,0,522,522,6,20
702,1,522,522,6,20
702,1,15-522,15-522,5,m-nodes
702,3,111,111,4,11
703,2,148,148,4,21
704,3,148,148,4,21
705,2,113,113,4,11
706,3,113,113,4,11
707,2,152,152,4,21
707,0,518-50,518-50,5,m-nodes
708,0,518,518,6,10
708,1,518,518,6,10
708,1,518-50,518-50,5,m-nodes
708,3,152,152,4,21
709,2,153,153,4,21
709,0,26-519,26-519,5,m-nodes
710,1,538,538,6,20
710,1,26-538,26-538,5,m-nodes
710,3,153,153,4,21
711,2,154,154,4,21
711,0,26-92,26-92,5,m-nodes
712,1,26-92,26-92,5,m-nodes
712,3,154,154,4,21
713,2,155,155,4,21
713,0,528-520,528-520,5,m-nodes
714,0,520,520,6,20
714,1,520,520,6,20
714,1,523-520,523-520,5,m-nodes
714,3,155,155,4,21
715,2,157,157,4,21
715,0,30-512,30-512,5,m-nodes
716,0,512,512,6,20
716,1,512,512,6,20
716,1,30-512,30-512,5,m-nodes
716,3,157,157,4,21
717,2,116,116,4,11
717,0,30-515,30-515,5,m-nodes
718,0,515,515,6,20
718,1,30-522,30-522,5,m-nodes
718,3,116,116,4,11
719,2,118,118,4,11
719,0,30-511,30-511,5,m-nodes
720,1,30-511,30-511,5,m-nodes
720,3,118,118,4,11
721,2,158,158,4,21
722,3,158,158,4,21
723,2,159,159,4,21
724,3,159,159,4,21
725,2,160,160,4,21
725,0,536-511,536-511,5,m-nodes
726,1,515,515,6,10
726,1,515-519,515-519,5,m-nodes
726,3,160,160,4,21
727,2,161,161,4,21
727,0,528-519,528-519,5,m-nodes
728,1,528-538,528-538,5,m-nodes
728,3,161,161,4,21
729,2,162,162,4,21
729,0,528-66,528-66,5,m-nodes
730,1,528-66,528-66,5,m-nodes
730,3,162,162,4,21
731,2,119,119,4,11
732,3,119,119,4,11
733,2,120,120,4,11
734,3,120,120,4,11
735,2,121,121,4,11
735,0,34-98,34-98,5,m-nodes
736,1,34-98,34-98,5,m-nodes
736,3,121,121,4,11
737,2,164,164,4,21
737,0,34-85,34-85,5,m-nodes
738,1,34-85,34-85,5,m-nodes
738,3,164,164,4,21
739,2,122,122,4,11
739,0,510-73,510-73,5,m-nodes
740,1,510-73,510-73,5,m-nodes
740,3,122,122,4,11
741,2,124,124,4,11
741,0,39-65,39-65,5,m-nodes
742,1,39-65,39-65,5,m-nodes
742,3,124,124,4,11
743,2,125,125,4,11
744,3,125,125,4,11
745,2,127,127,4,11
746,3,127,127,4,11
747,2,169,169,4,21
748,3,169,169,4,21
749,2,128,128,4,11
750,3,128,128,4,11
751,2,130,130,4,11
751,0,526-78,526-78,5,m-nodes
752,1,526-78,526-78,5,m-nodes
752,3,130,130,4,11
753,2,131,131,4,11
753,0,526-84,526-84,5,m-nodes
754,1,526-84,526-84,5,m-nodes
754,3,131,131,4,11
755,2,132,132,4,11
755,0,47-84,47-84,5,m-nodes
756,1,47-84,47-84,5,m-nodes
756,3,132,132,4,11
757,2,134,134,4,11
757,0,49-65,49-65,5,m-nodes
758,1,49-65,49-65,5,m-nodes
758,3,134,134,4,11
759,2,173,173,2,11
759,0,527-161,527-161,3,m-nodes
760,1,527-161,527-161,3,m-nodes
760,3,173,173,2,11
761,2,527,527,4,10
761,0,8-521,8-521,5,m-nodes
762,1,8-521,8-521,5,m-nodes
762,3,527,527,4,10
763,2,198,198,2,21
763,0,103-529,103-529,3,m-nodes
764,1,103-529,103-529,3,m-nodes
764,3,198,198,2,21
765,2,529,529,4,20
765,0,535-58,535-58,5,m-nodes
766,0,535,535,6,10
766,1,43-58,43-58,5,m-nodes
766,3,529,529,4,20
767,2,178,178,2,11
767,0,109-530,109-530,3,m-nodes
768,1,109-530,109-530,3,m-nodes
768,3,178,178,2,11
769,2,530,530,4,20
769,0,13-80,13-80,5,m-nodes
770,1,38-59,38-59,5,m-nodes
770,3,530,530,4,20
771,2,179,179,2,11
771,0,109-531,109-531,3,m-nodes
772,1,109-531,109-531,3,m-nodes
772,3,179,179,2,11
773,2,531,531,4,20
773,0,524-89,524-89,5,m-nodes
774,1,524-519,524-519,5,m-nodes
774,3,531,531,4,20
775,2,189,189,2,11
776,3,189,189,2,11
777,2,207,207,2,21
778,3,207,207,2,21
779,2,224,224,2,21
779,0,532-533,532-533,3,m-nodes
780,1,532-533,532-533,3,m-nodes
780,3,224,224,2,21
780,2,533,533,4,20
780,0,48-65,48-65,5,m-nodes
781,2,532,532,4,10
781,0,514-71,514-71,5,m-nodes
782,0,514,514,6,10
782,1,23-67,23-67,5,m-nodes
782,3,532,532,4,10
783,2,533,533,4,20
784,1,526-85,526-85,5,m-nodes
784,3,533,533,4,20
785,2,100,100,4,11
785,0,510-87,510-87,5,m-nodes
786,1,510-87,510-87,5,m-nodes
786,3,100,100,4,11
787,2,102,102,4,11
788,3,102,102,4,11
789,2,135,135,4,21
790,3,135,135,4,21
791,2,103,103,4,11
791,0,2-534,2-534,5,m-nodes
792,0,534,534,6,20
792,1,534,534,6,20
792,1,2-534,2-534,5,m-nodes
792,3,103,103,4,11
793,2,105,105,4,11
794,3,105,105,4,11
795,2,137,137,4,21
796,3,137,137,4,21
797,2,139,139,4,21
797,0,517-72,517-72,5,m-nodes
798,1,517-72,517-72,5,m-nodes
798,3,139,139,4,21
799,2,107,107,4,11
799,0,536-513,536-513,5,m-nodes
800,0,536,536,6,10
800,0,513,513,6,20
800,1,513,513,6,20
800,1,517-513,517-513,5,m-nodes
800,3,107,107,4,11
801,2,141,141,4,21
801,0,523-61,523-61,5,m-nodes
802,1,536,536,6,10
802,1,536-61,536-61,5,m-nodes
802,3,141,141,4,21
803,2,108,108,4,11
803,0,6-87,6-87,5,m-nodes
804,1,6-87,6-87,5,m-nodes
804,3,108,108,4,11
805,2,109,109,4,11
805,0,6-85,6-85,5,m-nodes
806,1,6-85,6-85,5,m-nodes
806,3,109,109,4,11
807,2,110,110,4,11
807,0,13-74,13-74,5,m-nodes
808,1,13-74,13-74,5,m-nodes
808,3,110,110,4,11
809,2,144,144,4,21
809,0,13-70,13-70,5,m-nodes
810,1,13-70,13-70,5,m-nodes
810,3,144,144,4,21
811,2,146,146,4,21
811,0,13-62,13-62,5,m-nodes
812,1,13-62,13-62,5,m-nodes
812,3,146,146,4,21
813,2,111,111,4,11
813,0,15-522,15-522,5,m-nodes
814,1,514,514,6,20
814,1,15-514,15-514,5,m-nodes
814,3,111,111,4,11
815,2,148,148,4,21
816,3,148,148,4,21
817,2,113,113,4,11
818,3,113,113,4,11
819,2,152,152,4,21
819,0,518-50,518-50,5,m-nodes
820,0,518,518,6,10
820,1,518,518,6,10
820,1,518-50,518-50,5,m-nodes
820,3,152,152,4,21
821,2,153,153,4,21
821,0,26-538,26-538,5,m-nodes
822,1,26-538,26-538,5,m-nodes
822,3,153,153,4,21
823,2,154,154,4,21
823,0,26-92,26-92,5,m-nodes
824,1,26-92,26-92,5,m-nodes
824,3,154,154,4,21
825,2,155,155,4,21
825,0,523-520,523-520,5,m-nodes
826,0,523,523,6,10
826,0,520,520,6,20
826,1,520,520,6,20
826,1,528-520,528-520,5,m-nodes
826,3,155,155,4,21
827,2,157,157,4,21
827,0,30-512,30-512,5,m-nodes
828,0,512,512,6,20
828,1,512,512,6,20
828,1,30-512,30-512,5,m-nodes
828,3,157,157,4,21
829,2,116,116,4,11
829,0,30-522,30-522,5,m-nodes
830,0,522,522,6,20
830,1,522,522,6,20
830,1,30-522,30-522,5,m-nodes
830,3,116,116,4,11
831,2,118,118,4,11
831,0,30-511,30-511,5,m-nodes
832,1,30-511,30-511,5,m-nodes
832,3,118,118,4,11
833,2,158,158,4,21
834,3,158,158,4,21
835,2,159,159,4,21
836,3,159,159,4,21
837,2,160,160,4,21
837,0,515-519,515-519,5,m-nodes
838,0,515,515,6,10
838,1,515,515,6,20
838,1,536-515,536-515,5,m-nodes
838,3,160,160,4,21
839,2,161,161,4,21
839,0,528-538,528-538,5,m-nodes
840,1,523,523,6,20
840,1,528-523,528-523,5,m-nodes
840,3,161,161,4,21
841,2,162,162,4,21
841,0,528-66,528-66,5,m-nodes
842,1,528-66,528-66,5,m-nodes
842,3,162,162,4,21
843,2,119,119,4,11
844,3,119,119,4,11
845,2,120,120,4,11
846,3,120,120,4,11
847,2,121,121,4,11
847,0,34-98,34-98,5,m-nodes
848,1,34-98,34-98,5,m-nodes
848,3,121,121,4,11
849,2,164,164,4,21
849,0,34-85,34-85,5,m-nodes
850,1,34-85,34-85,5,m-nodes
850,3,164,164,4,21
851,2,122,122,4,11
851,0,510-73,510-73,5,m-nodes
852,1,518-73,518-73,5,m-nodes
852,3,122,122,4,11
853,2,124,124,4,11
853,0,39-65,39-65,5,m-nodes
854,1,39-65,39-65,5,m-nodes
854,3,124,124,4,11
855,2,125,125,4,11
856,3,125,125,4,11
857,2,127,127,4,11
858,3,127,127,4,11
859,2,169,169,4,21
860,3,169,169,4,21
861,2,128,128,4,11
862,3,128,128,4,11
863,2,130,130,4,11
863,0,526-78,526-78,5,m-nodes
864,1,526-78,526-78,5,m-nodes
864,3,130,130,4,11
865,2,131,131,4,11
865,0,526-84,526-84,5,m-nodes
866,1,526-84,526-84,5,m-nodes
866,3,131,131,4,11
867,2,132,132,4,11
867,0,47-84,47-84,5,m-nodes
868,1,47-84,47-84,5,m-nodes
868,3,132,132,4,11
869,2,134,134,4,11
869,0,49-65,49-65,5,m-nodes
870,1,49-65,49-65,5,m-nodes
870,3,134,134,4,11
871,2,173,173,2,11
871,0,527-161,527-161,3,m-nodes
872,0,527,527,4,10
872,0,8-521,8-521,5,m-nodes
872,1,102-161,102-161,3,m-nodes
872,3,173,173,2,11
873,2,198,198,2,21
873,0,103-529,103-529,3,m-nodes
874,1,103-529,103-529,3,m-nodes
874,3,198,198,2,21
875,2,529,529,4,20
875,0,43-58,43-58,5,m-nodes
876,1,13-519,13-519,5,m-nodes
876,3,529,529,4,20
877,2,178,178,2,11
877,0,109-530,109-530,3,m-nodes
878,1,109-530,109-530,3,m-nodes
878,3,178,178,2,11
879,2,530,530,4,20
879,0,38-59,38-59,5,m-nodes
880,1,11-88,11-88,5,m-nodes
880,3,530,530,4,20
881,2,179,179,2,11
881,0,109-531,109-531,3,m-nodes
882,1,109-531,109-531,3,m-nodes
882,3,179,179,2,11
883,2,531,531,4,20
883,0,524-519,524-519,5,m-nodes
884,1,524-73,524-73,5,m-nodes
884,3,531,531,4,20
885,2,189,189,2,11
886,1,527,527,4,10
886,1,527-533,527-533,3,m-nodes
886,3,189,189,2,11
886,2,533,533,4,20
886,0,526-85,526-85,5,m-nodes
887,2,527,527,4,10
888,3,527,527,4,10
889,2,533,533,4,20
890,1,535,535,6,10
890,1,535-78,535-78,5,m-nodes
890,3,533,533,4,20
891,2,207,207,2,21
891,0,119-169,119-169,3,m-nodes
892,1,119-169,119-169,3,m-nodes
892,3,207,207,2,21
893,2,224,224,2,21
893,0,532-533,532-533,3,m-nodes
894,1,532-533,532-533,3,m-nodes
894,3,224,224,2,21
894,2,533,533,4,20
894,0,535-78,535-78,5,m-nodes
894,0,535,535,6,10
895,2,532,532,4,10
895,0,23-67,23-67,5,m-nodes
896,1,23-67,23-67,5,m-nodes
896,3,532,532,4,10
897,2,533,533,4,20
898,1,535,535,6,20
898,1,48-535,48-535,5,m-nodes
898,3,533,533,4,20
899,2,100,100,4,11
899,0,510-87,510-87,5,m-nodes
900,0,510,510,6,10
900,1,510,510,6,10
900,1,510-87,510-87,5,m-nodes
900,3,100,100,4,11
901,2,102,102,4,11
902,3,102,102,4,11
903,2,135,135,4,21
904,3,135,135,4,21
905,2,103,103,4,11
905,0,2-534,2-534,5,m-nodes
906,0,534,534,6,20
906,1,534,534,6,20
906,1,2-534,2-534,5,m-nodes
906,3,103,103,4,11
907,2,105,105,4,11
908,3,105,105,4,11
909,2,137,137,4,21
910,3,137,137,4,21
911,2,139,139,4,21
911,0,517-72,517-72,5,m-nodes
912,1,517-72,517-72,5,m-nodes
912,3,139,139,4,21
913,2,107,107,4,11
913,0,517-513,517-513,5,m-nodes
914,0,513,513,6,20
914,1,513,513,6,10
914,1,513-520,513-520,5,m-nodes
914,3,107,107,4,11
915,2,141,141,4,21
915,0,536-61,536-61,5,m-nodes
916,1,539,539,6,10
916,1,539-61,539-61,5,m-nodes
916,3,141,141,4,21
917,2,108,108,4,11
918,3,108,108,4,11
919,2,109,109,4,11
919,0,6-85,6-85,5,m-nodes
920,1,6-85,6-85,5,m-nodes
920,3,109,109,4,11
921,2,110,110,4,11
921,0,13-74,13-74,5,m-nodes
922,1,13-74,13-74,5,m-nodes
922,3,110,110,4,11
923,2,144,144,4,21
923,0,13-70,13-70,5,m-nodes
924,1,13-70,13-70,5,m-nodes
924,3,144,144,4,21
925,2,146,146,4,21
925,0,13-62,13-62,5,m-nodes
926,1,13-62,13-62,5,m-nodes
926,3,146,146,4,21
927,2,111,111,4,11
927,0,15-514,15-514,5,m-nodes
928,0,514,514,6,20
928,1,514,514,6,20
928,1,15-514,15-514,5,m-nodes
928,3,111,111,4,11
929,2,148,148,4,21
930,3,148,148,4,21
931,2,113,113,4,11
932,3,113,113,4,11
933,2,152,152,4,21
933,0,518-50,518-50,5,m-nodes
934,1,518-50,518-50,5,m-nodes
934,3,152,152,4,21
935,2,153,153,4,21
935,0,26-538,26-538,5,m-nodes
936,0,538,538,6,20
936,1,538,538,6,20
936,1,26-538,26-538,5,m-nodes
936,3,153,153,4,21
937,2,154,154,4,21
937,0,26-92,26-92,5,m-nodes
938,1,26-92,26-92,5,m-nodes
938,3,154,154,4,21
939,2,155,155,4,21
939,0,528-520,528-520,5,m-nodes
940,1,540,540,6,20
940,1,13-540,13-540,5,m-nodes
940,3,155,155,4,21
941,2,157,157,4,21
941,0,30-512,30-512,5,m-nodes
942,0,512,512,6,20
942,1,512,512,6,20
942,1,30-512,30-512,5,m-nodes
942,3,157,157,4,21
943,2,116,116,4,11
943,0,30-522,30-522,5,m-nodes
944,0,522,522,6,20
944,1,30-515,30-515,5,m-nodes
944,3,116,116,4,11
945,2,118,118,4,11
945,0,30-511,30-511,5,m-nodes
946,1,30-511,30-511,5,m-nodes
946,3,118,118,4,11
947,2,158,158,4,21
948,3,158,158,4,21
949,2,159,159,4,21
950,3,159,159,4,21
951,2,160,160,4,21
951,0,536-515,536-515,5,m-nodes
952,0,536,536,6,10
952,1,536,536,6,10
952,1,536-511,536-511,5,m-nodes
952,3,160,160,4,21
953,2,161,161,4,21
953,0,528-523,528-523,5,m-nodes
954,0,523,523,6,20
954,1,523,523,6,20
954,1,528-523,528-523,5,m-nodes
954,3,161,161,4,21
955,2,162,162,4,21
955,0,528-66,528-66,5,m-nodes
956,1,528-66,528-66,5,m-nodes
956,3,162,162,4,21
957,2,119,119,4,11
958,3,119,119,4,11
959,2,120,120,4,11
960,1,522,522,6,10
960,1,522-58,522-58,5,m-nodes
960,3,120,120,4,11
961,2,121,121,4,11
961,0,34-98,34-98,5,m-nodes
962,1,34-98,34-98,5,m-nodes
962,3,121,121,4,11
963,2,164,164,4,21
963,0,34-85,34-85,5,m-nodes
964,1,34-85,34-85,5,m-nodes
964,3,164,164,4,21
965,2,122,122,4,11
965,0,518-73,518-73,5,m-nodes
966,1,518-73,518-73,5,m-nodes
966,3,122,122,4,11
967,2,124,124,4,11
967,0,39-65,39-65,5,m-nodes
968,1,39-65,39-65,5,m-nodes
968,3,124,124,4,11
969,2,125,125,4,11
970,3,125,125,4,11
971,2,127,127,4,11
972,3,127,127,4,11
973,2,169,169,4,21
974,3,169,169,4,21
975,2,128,128,4,11
976,1,541,541,6,10
976,1,542,542,6,20
976,1,541-542,541-542,5,m-nodes
976,3,128,128,4,11
977,2,130,130,4,11
977,0,526-78,526-78,5,m-nodes
978,1,526-78,526-78,5,m-nodes
978,3,130,130,4,11
979,2,131,131,4,11
979,0,526-84,526-84,5,m-nodes
980,1,526-84,526-84,5,m-nodes
980,3,131,131,4,11
981,2,132,132,4,11
981,0,47-84,47-84,5,m-nodes
982,1,47-84,47-84,5,m-nodes
982,3,132,132,4,11
983,2,134,134,4,11
983,0,49-65,49-65,5,m-nodes
984,1,49-65,49-65,5,m-nodes
984,3,134,134,4,11
985,2,173,173,2,11
985,0,102-161,102-161,3,m-nodes
986,1,543,543,4,20
986,1,527-543,527-543,3,m-nodes
986,3,173,173,2,11
986,2,543,543,4,20
987,2,527,527,4,10
988,1,8-538,8-538,5,m-nodes
988,3,527,527,4,10
989,2,543,543,4,20
990,1,528-57,528-57,5,m-nodes
990,3,543,543,4,20
991,2,198,198,2,21
991,0,103-529,103-529,3,m-nodes
992,1,103-529,103-529,3,m-nodes
992,3,198,198,2,21
993,2,529,529,4,20
993,0,13-519,13-519,5,m-nodes
994,0,519,519,6,20
994,1,43-58,43-58,5,m-nodes
994,3,529,529,4,20
995,2,178,178,2,11
995,0,109-530,109-530,3,m-nodes
996,1,109-530,109-530,3,m-nodes
996,3,178,178,2,11
997,2,530,530,4,20
997,0,11-88,11-88,5,m-nodes
998,1,11-88,11-88,5,m-nodes
998,3,530,530,4,20
999,2,179,179,2,11
999,0,109-531,109-531,3,m-nodes
1000,1,109-531,109-531,3,m-nodes
1000,3,179,179,2,11
1001,2,531,531,4,20
1001,0,524-73,524-73,5,m-nodes
1002,1,524-73,524-73,5,m-nodes
1002,3,531,531,4,20
1003,2,189,189,2,11
1003,0,527-533,527-533,3,m-nodes
1004,1,519,519,4,20
1004,1,527-519,527-519,3,m-nodes
1004,3,189,189,2,11
1004,2,519,519,4,20
1005,2,527,527,4,10
1005,0,8-538,8-538,5,m-nodes
1006,1,541-92,541-92,5,m-nodes
1006,3,527,527,4,10
1007,2,519,519,4,20
1008,3,519,519,4,20
1009,2,207,207,2,21
1009,0,119-169,119-169,3,m-nodes
1010,1,119-169,119-169,3,m-nodes
1010,3,207,207,2,21
1011,2,224,224,2,21
1011,0,532-533,532-533,3,m-nodes
1012,1,532-533,532-533,3,m-nodes
1012,3,224,224,2,21
1012,2,533,533,4,20
1012,0,48-535,48-535,5,m-nodes
1012,0,535,535,6,20
1013,2,532,532,4,10
1013,0,23-67,23-67,5,m-nodes
1014,1,526-538,526-538,5,m-nodes
1014,3,532,532,4,10
1015,2,533,533,4,20
1016,1,23-65,23-65,5,m-nodes
1016,3,533,533,4,20
1017,2,100,100,4,11
1017,0,510-87,510-87,5,m-nodes
1018,0,510,510,6,10
1018,1,510,510,6,10
1018,1,510-87,510-87,5,m-nodes
1018,3,100,100,4,11
1019,2,102,102,4,11
1020,3,102,102,4,11
1021,2,135,135,4,21
1022,3,135,135,4,21
1023,2,103,103,4,11
1023,0,2-534,2-534,5,m-nodes
1024,0,534,534,6,20
1024,1,534,534,6,20
1024,1,2-534,2-534,5,m-nodes
1024,3,103,103,4,11
1025,2,105,105,4,11
1026,3,105,105,4,11
1027,2,137,137,4,21
1028,3,137,137,4,21
1029,2,139,139,4,21
1029,0,517-72,517-72,5,m-nodes
1030,1,513-72,513-72,5,m-nodes
1030,3,139,139,4,21
1031,2,107,107,4,11
1031,0,513-520,513-520,5,m-nodes
1032,0,520,520,6,20
1032,1,520,520,6,20
1032,1,513-520,513-520,5,m-nodes
1032,3,107,107,4,11
1033,2,141,141,4,21
1033,0,539-61,539-61,5,m-nodes
1034,0,539,539,6,10
1034,1,539,539,6,10
1034,1,539-61,539-61,5,m-nodes
1034,3,141,141,4,21
1035,2,108,108,4,11
1035,0,6-87,6-87,5,m-nodes
1036,1,6-87,6-87,5,m-nodes
1036,3,108,108,4,11
1037,2,109,109,4,11
1037,0,6-85,6-85,5,m-nodes
1038,1,6-85,6-85,5,m-nodes
1038,3,109,109,4,11
1039,2,110,110,4,11
1039,0,13-74,13-74,5,m-nodes
1040,1,13-74,13-74,5,m-nodes
1040,3,110,110,4,11
1041,2,144,144,4,21
1041,0,13-70,13-70,5,m-nodes
1042,1,13-70,13-70,5,m-nodes
1042,3,144,144,4,21
1043,2,146,146,4,21
1043,0,13-62,13-62,5,m-nodes
1044,1,13-62,13-62,5,m-nodes
1044,3,146,146,4,21
1045,2,111,111,4,11
1045,0,15-514,15-514,5,m-nodes
1046,0,514,514,6,20
1046,1,514,514,6,20
1046,1,15-514,15-514,5,m-nodes
1046,3,111,111,4,11
1047,2,148,148,4,21
1048,3,148,148,4,21
1049,2,113,113,4,11
1050,3,113,113,4,11
1051,2,152,152,4,21
1051,0,518-50,518-50,5,m-nodes
1052,1,518-50,518-50,5,m-nodes
1052,3,152,152,4,21
1053,2,153,153,4,21
1053,0,26-538,26-538,5,m-nodes
1054,1,26-538,26-538,5,m-nodes
1054,3,153,153,4,21
1055,2,154,154,4,21
1055,0,26-92,26-92,5,m-nodes
1056,1,26-92,26-92,5,m-nodes
1056,3,154,154,4,21
1057,2,155,155,4,21
1057,0,13-540,13-540,5,m-nodes
1058,0,540,540,6,20
1058,1,540,540,6,10
1058,1,540-523,540-523,5,m-nodes
1058,3,155,155,4,21
1059,2,157,157,4,21
1059,0,30-512,30-512,5,m-nodes
1060,0,512,512,6,20
1060,1,512,512,6,20
1060,1,30-512,30-512,5,m-nodes
1060,3,157,157,4,21
1061,2,116,116,4,11
1061,0,30-515,30-515,5,m-nodes
1062,0,515,515,6,20
1062,1,30-514,30-514,5,m-nodes
1062,3,116,116,4,11
1063,2,118,118,4,11
1063,0,30-511,30-511,5,m-nodes
1064,1,30-511,30-511,5,m-nodes
1064,3,118,118,4,11
1065,2,158,158,4,21
1066,3,158,158,4,21
1067,2,159,159,4,21
1068,3,159,159,4,21
1069,2,160,160,4,21
1069,0,536-511,536-511,5,m-nodes
1070,0,536,536,6,10
1070,1,536,536,6,10
1070,1,536-511,536-511,5,m-nodes
1070,3,160,160,4,21
1071,2,161,161,4,21
1071,0,528-523,528-523,5,m-nodes
1072,1,515,515,6,20
1072,1,528-515,528-515,5,m-nodes
1072,3,161,161,4,21
1073,2,162,162,4,21
1073,0,528-66,528-66,5,m-nodes
1074,1,528-66,528-66,5,m-nodes
1074,3,162,162,4,21
1075,2,119,119,4,11
1075,0,33-56,33-56,5,m-nodes
1076,1,33-56,33-56,5,m-nodes
1076,3,119,119,4,11
1077,2,120,120,4,11
1077,0,522-58,522-58,5,m-nodes
1078,0,522,522,6,10
1078,1,522,522,6,20
1078,1,528-522,528-522,5,m-nodes
1078,3,120,120,4,11
1079,2,121,121,4,11
1079,0,34-98,34-98,5,m-nodes
1080,1,34-98,34-98,5,m-nodes
1080,3,121,121,4,11
1081,2,164,164,4,21
1081,0,34-85,34-85,5,m-nodes
1082,1,34-85,34-85,5,m-nodes
1082,3,164,164,4,21
1083,2,122,122,4,11
1083,0,518-73,518-73,5,m-nodes
1084,1,518-73,518-73,5,m-nodes
1084,3,122,122,4,11
1085,2,124,124,4,11
1085,0,39-65,39-65,5,m-nodes
1086,1,39-65,39-65,5,m-nodes
1086,3,124,124,4,11
1087,2,125,125,4,11
1088,3,125,125,4,11
1089,2,127,127,4,11
1090,1,535,535,6,20
1090,1,525-535,525-535,5,m-nodes
1090,3,127,127,4,11
1091,2,169,169,4,21
1091,0,525-521,525-521,5,m-nodes
1092,3,169,169,4,21
1093,2,128,128,4,11
1094,3,128,128,4,11
1095,2,130,130,4,11
1095,0,526-78,526-78,5,m-nodes
1096,1,526-78,526-78,5,m-nodes
1096,3,130,130,4,11
1097,2,131,131,4,11
1097,0,526-84,526-84,5,m-nodes
1098,1,526-84,526-84,5,m-nodes
1098,3,131,131,4,11
1099,2,132,132,4,11
1099,0,47-84,47-84,5,m-nodes
1100,1,47-84,47-84,5,m-nodes
1100,3,132,132,4,11
1101,2,134,134,4,11
1101,0,49-65,49-65,5,m-nodes
1102,1,49-65,49-65,5,m-nodes
1102,3,134,134,4,11
1103,2,173,173,2,11
1103,0,527-543,527-543,3,m-nodes
1104,0,543,543,4,20
1104,0,528-57,528-57,5,m-nodes
1104,1,543,543,4,10
1104,1,544,544,4,20
1104,1,543-544,543-544,3,m-nodes
1104,3,173,173,2,11
1104,2,544,544,4,20
1105,2,543,543,4,10
1106,1,545,545,6,10
1106,1,545-96,545-96,5,m-nodes
1106,3,543,543,4,10
1107,2,544,544,4,20
1108,1,2-535,2-535,5,m-nodes
1108,3,544,544,4,20
1109,2,198,198,2,21
1109,0,103-529,103-529,3,m-nodes
1110,1,546,546,4,10
1110,1,546-529,546-529,3,m-nodes
1110,3,198,198,2,21
1110,2,529,529,4,20
1110,0,43-58,43-58,5,m-nodes
1111,2,546,546,4,10
1112,1,47-58,47-58,5,m-nodes
1112,3,546,546,4,10
1113,2,529,529,4,20
1114,1,547,547,6,10
1114,1,547-522,547-522,5,m-nodes
1114,3,529,529,4,20
1115,2,178,178,2,11
1115,0,109-530,109-530,3,m-nodes
1116,0,530,530,4,20
1116,1,109-519,109-519,3,m-nodes
1116,3,178,178,2,11
1117,2,519,519,4,20
1117,0,11-88,11-88,5,m-nodes
1118,1,38-88,38-88,5,m-nodes
1118,3,519,519,4,20
1119,2,179,179,2,11
1119,0,109-531,109-531,3,m-nodes
1120,1,109-531,109-531,3,m-nodes
1120,3,179,179,2,11
1121,2,531,531,4,20
1121,0,524-73,524-73,5,m-nodes
1122,1,530,530,6,10
1122,1,530-73,530-73,5,m-nodes
1122,3,531,531,4,20
1123,2,189,189,2,11
1123,0,527-519,527-519,3,m-nodes
1124,0,527,527,4,10
1124,0,541-92,541-92,5,m-nodes
1124,3,189,189,2,11
1125,2,207,207,2,21
1126,3,207,207,2,21
1127,2,224,224,2,21
1127,0,532-533,532-533,3,m-nodes
1128,0,532,532,4,10
1128,0,526-538,526-538,5,m-nodes
1128,1,119-533,119-533,3,m-nodes
1128,3,224,224,2,21
1129,2,533,533,4,20
1129,0,23-65,23-65,5,m-nodes
1130,1,532,532,6,10
1130,1,532-94,532-94,5,m-nodes
1130,3,533,533,4,20
