t,action,id,from,to
2,1,510-87-510,510-87,510
2,1,510-87-87,510-87,87
2,1,510-87-100,510-87,100
4,1,1-92-1,1-92,1
4,1,1-92-92,1-92,92
4,1,1-92-102,1-92,102
6,1,1-92-135,1-92,135
8,1,2-511-2,2-511,2
8,1,2-511-511,2-511,511
8,1,2-511-103,2-511,103
10,1,512-84-512,512-84,512
10,1,512-84-84,512-84,84
10,1,512-84-105,512-84,105
12,1,513-84-513,513-84,513
12,1,513-84-84,513-84,84
12,1,513-84-137,513-84,137
14,1,513-72-513,513-72,513
14,1,513-72-72,513-72,72
14,1,513-72-139,513-72,139
16,1,513-514-513,513-514,513
16,1,513-514-514,513-514,514
16,1,513-514-107,513-514,107
18,1,515-61-515,515-61,515
18,1,515-61-61,515-61,61
18,1,515-61-141,515-61,141
20,1,6-87-6,6-87,6
20,1,6-87-87,6-87,87
20,1,6-87-108,6-87,108
22,1,6-85-6,6-85,6
22,1,6-85-85,6-85,85
22,1,6-85-109,6-85,109
24,1,13-74-13,13-74,13
24,1,13-74-74,13-74,74
24,1,13-74-110,13-74,110
26,1,13-70-13,13-70,13
26,1,13-70-70,13-70,70
26,1,13-70-144,13-70,144
28,1,13-62-13,13-62,13
28,1,13-62-62,13-62,62
28,1,13-62-146,13-62,146
30,1,15-516-15,15-516,15
30,1,15-516-516,15-516,516
30,1,15-516-111,15-516,111
32,1,517-511-517,517-511,517
32,1,517-511-511,517-511,511
32,1,517-511-148,517-511,148
34,1,517-511-113,517-511,113
36,1,518-50-518,518-50,518
36,1,518-50-50,518-50,50
36,1,518-50-152,518-50,152
38,1,26-519-26,26-519,26
38,1,26-519-519,26-519,519
38,1,26-519-153,26-519,153
40,1,26-92-26,26-92,26
40,1,26-92-92,26-92,92
40,1,26-92-154,26-92,154
42,1,13-520-13,13-520,13
42,1,13-520-520,13-520,520
42,1,13-520-155,13-520,155
44,1,30-521-30,30-521,30
44,1,30-521-521,30-521,521
44,1,30-521-157,30-521,157
46,1,30-516-30,30-516,30
46,1,30-516-516,30-516,516
46,1,30-516-116,30-516,116
48,1,30-522-30,30-522,30
48,1,30-522-522,30-522,522
48,1,30-522-118,30-522,118
50,1,30-87-30,30-87,30
50,1,30-87-87,30-87,87
50,1,30-87-158,30-87,158
52,1,30-87-159,30-87,159
54,1,523-522-523,523-522,523
54,1,523-522-522,523-522,522
54,1,523-522-160,523-522,160
56,1,13-519-13,13-519,13
56,1,13-519-519,13-519,519
56,1,13-519-161,13-519,161
58,1,13-55-13,13-55,13
58,1,13-55-55,13-55,55
58,1,13-55-162,13-55,162
60,1,33-56-33,33-56,33
60,1,33-56-56,33-56,56
60,1,33-56-119,33-56,119
62,1,33-56-120,33-56,120
64,1,34-98-34,34-98,34
64,1,34-98-98,34-98,98
64,1,34-98-121,34-98,121
66,1,34-85-34,34-85,34
66,1,34-85-85,34-85,85
66,1,34-85-164,34-85,164
68,1,510-73-510,510-73,510
68,1,510-73-73,510-73,73
68,1,510-73-122,510-73,122
70,1,39-65-39,39-65,39
70,1,39-65-65,39-65,65
70,1,39-65-124,39-65,124
72,1,524-79-524,524-79,524
72,1,524-79-79,524-79,79
72,1,524-79-125,524-79,125
74,1,524-79-127,524-79,127
76,1,525-521-525,525-521,525
76,1,525-521-521,525-521,521
76,1,525-521-169,525-521,169
78,1,525-521-128,525-521,128
80,1,526-78-526,526-78,526
80,1,526-78-78,526-78,78
80,1,526-78-130,526-78,130
82,1,526-84-526,526-84,526
82,1,526-84-84,526-84,84
82,1,526-84-131,526-84,131
84,1,47-84-47,47-84,47
84,1,47-84-84,47-84,84
84,1,47-84-132,47-84,132
86,1,49-65-49,49-65,49
86,1,49-65-65,49-65,65
86,1,49-65-134,49-65,134
88,1,527-161-527,527-161,527
88,1,527-161-161,527-161,161
88,1,527-161-173,527-161,173
90,1,528-58-528,528-58,528
90,1,528-58-58,528-58,58
90,1,528-58-527,528-58,527
92,1,103-529-103,103-529,103
92,1,103-529-529,103-529,529
92,1,103-529-198,103-529,198
94,1,528-73-528,528-73,528
94,1,528-73-73,528-73,73
94,1,528-73-529,528-73,529
96,1,109-530-109,109-530,109
96,1,109-530-530,109-530,530
96,1,109-530-178,109-530,178
98,1,11-88-11,11-88,11
98,1,11-88-88,11-88,88
98,1,11-88-530,11-88,530
100,1,109-531-109,109-531,109
100,1,109-531-531,109-531,531
100,1,109-531-179,109-531,179
102,1,524-79-531,524-79,531
104,1,119-169-119,119-169,119
104,1,119-169-169,119-169,169
104,1,119-169-189,119-169,189
106,1,119-169-207,119-169,207
108,1,532-533-532,532-533,532
108,1,532-533-533,532-533,533
108,1,532-533-224,532-533,224
110,1,23-514-23,23-514,23
110,1,23-514-514,23-514,514
110,1,23-514-532,23-514,532
112,1,48-92-48,48-92,48
112,1,48-92-92,48-92,92
112,1,48-92-533,48-92,533
113,0,510-87-100,510-87,100
113,0,510-87-510,510-87,510
113,0,510-87-87,510-87,87
114,1,510-87-510,510-87,510
114,1,510-87-87,510-87,87
114,1,510-87-100,510-87,100
115,0,1-92-102,1-92,102
116,1,1-92-102,1-92,102
117,0,1-92-135,1-92,135
118,1,1-92-135,1-92,135
119,0,2-511-103,2-511,103
119,0,2-511-2,2-511,2
119,0,2-511-511,2-511,511
120,1,2-534-2,2-534,2
120,1,2-534-534,2-534,534
120,1,2-534-103,2-534,103
121,0,512-84-105,512-84,105
121,0,512-84-512,512-84,512
121,0,512-84-84,512-84,84
122,1,512-84-512,512-84,512
122,1,512-84-84,512-84,84
122,1,512-84-105,512-84,105
123,0,513-84-137,513-84,137
123,0,513-84-513,513-84,513
123,0,513-84-84,513-84,84
124,1,512-84-137,512-84,137
125,0,513-72-139,513-72,139
125,0,513-72-513,513-72,513
125,0,513-72-72,513-72,72
126,1,513-72-513,513-72,513
126,1,513-72-72,513-72,72
126,1,513-72-139,513-72,139
127,0,513-514-107,513-514,107
127,0,513-514-513,513-514,513
127,0,513-514-514,513-514,514
128,1,513-535-513,513-535,513
128,1,513-535-535,513-535,535
128,1,513-535-107,513-535,107
129,0,515-61-141,515-61,141
129,0,515-61-515,515-61,515
129,0,515-61-61,515-61,61
130,1,515-61-515,515-61,515
130,1,515-61-61,515-61,61
130,1,515-61-141,515-61,141
131,0,6-87-108,6-87,108
131,0,6-87-6,6-87,6
131,0,6-87-87,6-87,87
132,1,6-87-6,6-87,6
132,1,6-87-87,6-87,87
132,1,6-87-108,6-87,108
133,0,6-85-109,6-85,109
133,0,6-85-6,6-85,6
133,0,6-85-85,6-85,85
134,1,6-85-6,6-85,6
134,1,6-85-85,6-85,85
134,1,6-85-109,6-85,109
135,0,13-74-110,13-74,110
135,0,13-74-13,13-74,13
135,0,13-74-74,13-74,74
136,1,13-74-13,13-74,13
136,1,13-74-74,13-74,74
136,1,13-74-110,13-74,110
137,0,13-70-144,13-70,144
137,0,13-70-13,13-70,13
137,0,13-70-70,13-70,70
138,1,13-70-13,13-70,13
138,1,13-70-70,13-70,70
138,1,13-70-144,13-70,144
139,0,13-62-146,13-62,146
139,0,13-62-13,13-62,13
139,0,13-62-62,13-62,62
140,1,13-62-13,13-62,13
140,1,13-62-62,13-62,62
140,1,13-62-146,13-62,146
141,0,15-516-111,15-516,111
141,0,15-516-15,15-516,15
141,0,15-516-516,15-516,516
142,1,15-536-15,15-536,15
142,1,15-536-536,15-536,536
142,1,15-536-111,15-536,111
143,0,517-511-148,517-511,148
144,1,517-511-148,517-511,148
145,0,517-511-113,517-511,113
146,1,517-511-113,517-511,113
147,0,518-50-152,518-50,152
147,0,518-50-518,518-50,518
147,0,518-50-50,518-50,50
148,1,518-50-518,518-50,518
148,1,518-50-50,518-50,50
148,1,518-50-152,518-50,152
149,0,26-519-153,26-519,153
149,0,26-519-26,26-519,26
149,0,26-519-519,26-519,519
150,1,26-519-26,26-519,26
150,1,26-519-519,26-519,519
150,1,26-519-153,26-519,153
151,0,26-92-154,26-92,154
151,0,26-92-26,26-92,26
151,0,26-92-92,26-92,92
152,1,26-92-26,26-92,26
152,1,26-92-92,26-92,92
152,1,26-92-154,26-92,154
153,0,13-520-155,13-520,155
153,0,13-520-13,13-520,13
153,0,13-520-520,13-520,520
154,1,13-520-13,13-520,13
154,1,13-520-520,13-520,520
154,1,13-520-155,13-520,155
155,0,30-521-157,30-521,157
155,0,30-521-30,30-521,30
155,0,30-521-521,30-521,521
156,1,30-537-30,30-537,30
156,1,30-537-537,30-537,537
156,1,30-537-157,30-537,157
157,0,30-516-116,30-516,116
157,0,30-516-30,30-516,30
157,0,30-516-516,30-516,516
158,1,30-536-30,30-536,30
158,1,30-536-536,30-536,536
158,1,30-536-116,30-536,116
159,0,30-522-118,30-522,118
159,0,30-522-30,30-522,30
159,0,30-522-522,30-522,522
160,1,30-511-30,30-511,30
160,1,30-511-511,30-511,511
160,1,30-511-118,30-511,118
161,0,30-87-158,30-87,158
162,1,30-87-158,30-87,158
163,0,30-87-159,30-87,159
164,1,30-87-159,30-87,159
165,0,523-522-160,523-522,160
165,0,523-522-523,523-522,523
165,0,523-522-522,523-522,522
166,1,522-523-522,522-523,522
166,1,522-523-523,522-523,523
166,1,522-523-160,522-523,160
167,0,13-519-161,13-519,161
167,0,13-519-13,13-519,13
167,0,13-519-519,13-519,519
168,1,13-519-13,13-519,13
168,1,13-519-519,13-519,519
168,1,13-519-161,13-519,161
169,0,13-55-162,13-55,162
169,0,13-55-13,13-55,13
169,0,13-55-55,13-55,55
170,1,13-55-13,13-55,13
170,1,13-55-55,13-55,55
170,1,13-55-162,13-55,162
171,0,33-56-119,33-56,119
172,1,33-56-119,33-56,119
173,0,33-56-120,33-56,120
174,1,33-56-120,33-56,120
175,0,34-98-121,34-98,121
175,0,34-98-34,34-98,34
175,0,34-98-98,34-98,98
176,1,34-98-34,34-98,34
176,1,34-98-98,34-98,98
176,1,34-98-121,34-98,121
177,0,34-85-164,34-85,164
177,0,34-85-34,34-85,34
177,0,34-85-85,34-85,85
178,1,34-85-34,34-85,34
178,1,34-85-85,34-85,85
178,1,34-85-164,34-85,164
179,0,510-73-122,510-73,122
179,0,510-73-510,510-73,510
179,0,510-73-73,510-73,73
180,1,510-73-510,510-73,510
180,1,510-73-73,510-73,73
180,1,510-73-122,510-73,122
181,0,39-65-124,39-65,124
181,0,39-65-39,39-65,39
181,0,39-65-65,39-65,65
182,1,39-65-39,39-65,39
182,1,39-65-65,39-65,65
182,1,39-65-124,39-65,124
183,0,524-79-125,524-79,125
184,1,524-79-125,524-79,125
185,0,524-79-127,524-79,127
186,1,524-79-127,524-79,127
187,0,525-521-169,525-521,169
188,1,525-521-169,525-521,169
189,0,525-521-128,525-521,128
190,1,525-521-128,525-521,128
191,0,526-78-130,526-78,130
191,0,526-78-526,526-78,526
191,0,526-78-78,526-78,78
192,1,526-78-526,526-78,526
192,1,526-78-78,526-78,78
192,1,526-78-130,526-78,130
193,0,526-84-131,526-84,131
193,0,526-84-526,526-84,526
193,0,526-84-84,526-84,84
194,1,526-84-526,526-84,526
194,1,526-84-84,526-84,84
194,1,526-84-131,526-84,131
195,0,47-84-132,47-84,132
195,0,47-84-47,47-84,47
195,0,47-84-84,47-84,84
196,1,47-84-47,47-84,47
196,1,47-84-84,47-84,84
196,1,47-84-132,47-84,132
197,0,49-65-134,49-65,134
197,0,49-65-49,49-65,49
197,0,49-65-65,49-65,65
198,1,49-65-49,49-65,49
198,1,49-65-65,49-65,65
198,1,49-65-134,49-65,134
199,0,527-161-173,527-161,173
199,0,527-161-527,527-161,527
199,0,527-161-161,527-161,161
200,1,527-161-527,527-161,527
200,1,527-161-161,527-161,161
200,1,527-161-173,527-161,173
201,0,528-58-527,528-58,527
201,0,528-58-528,528-58,528
201,0,528-58-58,528-58,58
202,1,9-516-9,9-516,9
202,1,9-516-516,9-516,516
202,1,9-516-527,9-516,527
203,0,103-529-198,103-529,198
203,0,103-529-103,103-529,103
203,0,103-529-529,103-529,529
204,1,103-529-103,103-529,103
204,1,103-529-529,103-529,529
204,1,103-529-198,103-529,198
205,0,528-73-529,528-73,529
205,0,528-73-528,528-73,528
205,0,528-73-73,528-73,73
206,1,16-73-16,16-73,16
206,1,16-73-73,16-73,73
206,1,16-73-529,16-73,529
207,0,109-530-178,109-530,178
207,0,109-530-109,109-530,109
207,0,109-530-530,109-530,530
208,1,109-530-109,109-530,109
208,1,109-530-530,109-530,530
208,1,109-530-178,109-530,178
209,0,11-88-530,11-88,530
209,0,11-88-11,11-88,11
209,0,11-88-88,11-88,88
210,1,11-88-11,11-88,11
210,1,11-88-88,11-88,88
210,1,11-88-530,11-88,530
211,0,109-531-179,109-531,179
211,0,109-531-109,109-531,109
211,0,109-531-531,109-531,531
212,1,109-531-109,109-531,109
212,1,109-531-531,109-531,531
212,1,109-531-179,109-531,179
213,0,524-79-531,524-79,531
214,1,37-92-37,37-92,37
214,1,37-92-92,37-92,92
214,1,37-92-531,37-92,531
215,0,119-169-189,119-169,189
216,1,119-169-189,119-169,189
217,0,119-169-207,119-169,207
218,1,119-169-207,119-169,207
219,0,532-533-224,532-533,224
219,0,532-533-532,532-533,532
219,0,532-533-533,532-533,533
220,1,532-533-532,532-533,532
220,1,532-533-533,532-533,533
220,1,532-533-224,532-533,224
220,0,48-92-533,48-92,533
220,0,48-92-48,48-92,48
220,0,48-92-92,48-92,92
221,0,23-514-532,23-514,532
221,0,23-514-23,23-514,23
221,0,23-514-514,23-514,514
222,1,23-78-23,23-78,23
222,1,23-78-78,23-78,78
222,1,23-78-532,23-78,532
224,1,48-67-48,48-67,48
224,1,48-67-67,48-67,67
224,1,48-67-533,48-67,533
225,0,510-87-100,510-87,100
225,0,510-87-510,510-87,510
225,0,510-87-87,510-87,87
226,1,510-87-510,510-87,510
226,1,510-87-87,510-87,87
226,1,510-87-100,510-87,100
227,0,1-92-102,1-92,102
228,1,1-92-102,1-92,102
229,0,1-92-135,1-92,135
230,1,1-92-135,1-92,135
231,0,2-534-103,2-534,103
231,0,2-534-2,2-534,2
231,0,2-534-534,2-534,534
232,1,2-534-2,2-534,2
232,1,2-534-534,2-534,534
232,1,2-534-103,2-534,103
233,0,512-84-105,512-84,105
234,1,512-84-105,512-84,105
235,0,512-84-137,512-84,137
236,1,512-84-137,512-84,137
237,0,513-72-139,513-72,139
237,0,513-72-513,513-72,513
237,0,513-72-72,513-72,72
238,1,517-72-517,517-72,517
238,1,517-72-72,517-72,72
238,1,517-72-139,517-72,139
239,0,513-535-107,513-535,107
239,0,513-535-513,513-535,513
239,0,513-535-535,513-535,535
240,1,535-513-535,535-513,535
240,1,535-513-513,535-513,513
240,1,535-513-107,535-513,107
241,0,515-61-141,515-61,141
241,0,515-61-515,515-61,515
241,0,515-61-61,515-61,61
242,1,515-61-515,515-61,515
242,1,515-61-61,515-61,61
242,1,515-61-141,515-61,141
243,0,6-87-108,6-87,108
243,0,6-87-6,6-87,6
243,0,6-87-87,6-87,87
244,1,6-87-6,6-87,6
244,1,6-87-87,6-87,87
244,1,6-87-108,6-87,108
245,0,6-85-109,6-85,109
245,0,6-85-6,6-85,6
245,0,6-85-85,6-85,85
246,1,6-85-6,6-85,6
246,1,6-85-85,6-85,85
246,1,6-85-109,6-85,109
247,0,13-74-110,13-74,110
247,0,13-74-13,13-74,13
247,0,13-74-74,13-74,74
248,1,13-74-13,13-74,13
248,1,13-74-74,13-74,74
248,1,13-74-110,13-74,110
249,0,13-70-144,13-70,144
249,0,13-70-13,13-70,13
249,0,13-70-70,13-70,70
250,1,13-70-13,13-70,13
250,1,13-70-70,13-70,70
250,1,13-70-144,13-70,144
251,0,13-62-146,13-62,146
251,0,13-62-13,13-62,13
251,0,13-62-62,13-62,62
252,1,13-62-13,13-62,13
252,1,13-62-62,13-62,62
252,1,13-62-146,13-62,146
253,0,15-536-111,15-536,111
253,0,15-536-15,15-536,15
253,0,15-536-536,15-536,536
254,1,15-514-15,15-514,15
254,1,15-514-514,15-514,514
254,1,15-514-111,15-514,111
255,0,517-511-148,517-511,148
256,1,517-511-148,517-511,148
257,0,517-511-113,517-511,113
258,1,517-511-113,517-511,113
259,0,518-50-152,518-50,152
259,0,518-50-518,518-50,518
259,0,518-50-50,518-50,50
260,1,518-50-518,518-50,518
260,1,518-50-50,518-50,50
260,1,518-50-152,518-50,152
261,0,26-519-153,26-519,153
261,0,26-519-26,26-519,26
261,0,26-519-519,26-519,519
262,1,26-519-26,26-519,26
262,1,26-519-519,26-519,519
262,1,26-519-153,26-519,153
263,0,26-92-154,26-92,154
263,0,26-92-26,26-92,26
263,0,26-92-92,26-92,92
264,1,26-92-26,26-92,26
264,1,26-92-92,26-92,92
264,1,26-92-154,26-92,154
265,0,13-520-155,13-520,155
265,0,13-520-13,13-520,13
265,0,13-520-520,13-520,520
266,1,13-520-13,13-520,13
266,1,13-520-520,13-520,520
266,1,13-520-155,13-520,155
267,0,30-537-157,30-537,157
267,0,30-537-30,30-537,30
267,0,30-537-537,30-537,537
268,1,30-536-157,30-536,157
269,0,30-536-116,30-536,116
270,1,30-514-30,30-514,30
270,1,30-514-514,30-514,514
270,1,30-514-116,30-514,116
271,0,30-511-118,30-511,118
271,0,30-511-30,30-511,30
271,0,30-511-511,30-511,511
272,1,30-511-30,30-511,30
272,1,30-511-511,30-511,511
272,1,30-511-118,30-511,118
273,0,30-87-158,30-87,158
274,1,30-87-158,30-87,158
275,0,30-87-159,30-87,159
276,1,30-87-159,30-87,159
277,0,522-523-160,522-523,160
277,0,522-523-522,522-523,522
277,0,522-523-523,522-523,523
278,1,523-511-523,523-511,523
278,1,523-511-511,523-511,511
278,1,523-511-160,523-511,160
279,0,13-519-161,13-519,161
279,0,13-519-13,13-519,13
279,0,13-519-519,13-519,519
280,1,13-519-13,13-519,13
280,1,13-519-519,13-519,519
280,1,13-519-161,13-519,161
281,0,13-55-162,13-55,162
281,0,13-55-13,13-55,13
281,0,13-55-55,13-55,55
282,1,13-55-13,13-55,13
282,1,13-55-55,13-55,55
282,1,13-55-162,13-55,162
283,0,33-56-119,33-56,119
284,1,33-56-119,33-56,119
285,0,33-56-120,33-56,120
286,1,33-56-120,33-56,120
287,0,34-98-121,34-98,121
287,0,34-98-34,34-98,34
287,0,34-98-98,34-98,98
288,1,34-98-34,34-98,34
288,1,34-98-98,34-98,98
288,1,34-98-121,34-98,121
289,0,34-85-164,34-85,164
289,0,34-85-34,34-85,34
289,0,34-85-85,34-85,85
290,1,34-85-34,34-85,34
290,1,34-85-85,34-85,85
290,1,34-85-164,34-85,164
291,0,510-73-122,510-73,122
291,0,510-73-510,510-73,510
291,0,510-73-73,510-73,73
292,1,510-73-510,510-73,510
292,1,510-73-73,510-73,73
292,1,510-73-122,510-73,122
293,0,39-65-124,39-65,124
293,0,39-65-39,39-65,39
293,0,39-65-65,39-65,65
294,1,39-65-39,39-65,39
294,1,39-65-65,39-65,65
294,1,39-65-124,39-65,124
295,0,524-79-125,524-79,125
296,1,524-79-125,524-79,125
297,0,524-79-127,524-79,127
298,1,524-79-127,524-79,127
299,0,525-521-169,525-521,169
300,1,525-521-169,525-521,169
301,0,525-521-128,525-521,128
302,1,525-521-128,525-521,128
303,0,526-78-130,526-78,130
303,0,526-78-526,526-78,526
303,0,526-78-78,526-78,78
304,1,526-78-526,526-78,526
304,1,526-78-78,526-78,78
304,1,526-78-130,526-78,130
305,0,526-84-131,526-84,131
305,0,526-84-526,526-84,526
305,0,526-84-84,526-84,84
306,1,526-84-526,526-84,526
306,1,526-84-84,526-84,84
306,1,526-84-131,526-84,131
307,0,47-84-132,47-84,132
307,0,47-84-47,47-84,47
307,0,47-84-84,47-84,84
308,1,47-84-47,47-84,47
308,1,47-84-84,47-84,84
308,1,47-84-132,47-84,132
309,0,49-65-134,49-65,134
309,0,49-65-49,49-65,49
309,0,49-65-65,49-65,65
310,1,49-65-49,49-65,49
310,1,49-65-65,49-65,65
310,1,49-65-134,49-65,134
311,0,527-161-173,527-161,173
311,0,527-161-527,527-161,527
311,0,527-161-161,527-161,161
312,0,9-516-527,9-516,527
312,0,9-516-9,9-516,9
312,0,9-516-516,9-516,516
312,1,527-161-527,527-161,527
312,1,527-161-161,527-161,161
312,1,527-161-173,527-161,173
314,1,525-65-525,525-65,525
314,1,525-65-65,525-65,65
314,1,525-65-527,525-65,527
315,0,103-529-198,103-529,198
315,0,103-529-103,103-529,103
315,0,103-529-529,103-529,529
316,1,103-529-103,103-529,103
316,1,103-529-529,103-529,529
316,1,103-529-198,103-529,198
317,0,16-73-529,16-73,529
317,0,16-73-16,16-73,16
317,0,16-73-73,16-73,73
318,1,43-58-43,43-58,43
318,1,43-58-58,43-58,58
318,1,43-58-529,43-58,529
319,0,109-530-178,109-530,178
319,0,109-530-109,109-530,109
319,0,109-530-530,109-530,530
320,1,109-530-109,109-530,109
320,1,109-530-530,109-530,530
320,1,109-530-178,109-530,178
321,0,11-88-530,11-88,530
321,0,11-88-11,11-88,11
321,0,11-88-88,11-88,88
322,1,11-88-11,11-88,11
322,1,11-88-88,11-88,88
322,1,11-88-530,11-88,530
323,0,109-531-179,109-531,179
323,0,109-531-109,109-531,109
323,0,109-531-531,109-531,531
324,1,109-531-109,109-531,109
324,1,109-531-531,109-531,531
324,1,109-531-179,109-531,179
325,0,37-92-531,37-92,531
325,0,37-92-37,37-92,37
325,0,37-92-92,37-92,92
326,1,37-522-37,37-522,37
326,1,37-522-522,37-522,522
326,1,37-522-531,37-522,531
327,0,119-169-189,119-169,189
328,1,119-169-189,119-169,189
329,0,119-169-207,119-169,207
330,1,119-169-207,119-169,207
331,0,532-533-224,532-533,224
331,0,532-533-532,532-533,532
331,0,532-533-533,532-533,533
332,1,532-533-532,532-533,532
332,1,532-533-533,532-533,533
332,1,532-533-224,532-533,224
332,0,48-67-533,48-67,533
332,0,48-67-48,48-67,48
332,0,48-67-67,48-67,67
333,0,23-78-532,23-78,532
333,0,23-78-23,23-78,23
333,0,23-78-78,23-78,78
334,1,11-92-11,11-92,11
334,1,11-92-92,11-92,92
334,1,11-92-532,11-92,532
336,1,48-78-48,48-78,48
336,1,48-78-78,48-78,78
336,1,48-78-533,48-78,533
337,0,510-87-100,510-87,100
337,0,510-87-510,510-87,510
337,0,510-87-87,510-87,87
338,1,510-87-510,510-87,510
338,1,510-87-87,510-87,87
338,1,510-87-100,510-87,100
339,0,1-92-102,1-92,102
340,1,1-92-102,1-92,102
341,0,1-92-135,1-92,135
342,1,1-92-135,1-92,135
343,0,2-534-103,2-534,103
343,0,2-534-2,2-534,2
343,0,2-534-534,2-534,534
344,1,2-534-2,2-534,2
344,1,2-534-534,2-534,534
344,1,2-534-103,2-534,103
345,0,512-84-105,512-84,105
346,1,512-84-105,512-84,105
347,0,512-84-137,512-84,137
348,1,537-84-537,537-84,537
348,1,537-84-84,537-84,84
348,1,537-84-137,537-84,137
349,0,517-72-139,517-72,139
349,0,517-72-517,517-72,517
349,0,517-72-72,517-72,72
350,1,535-72-535,535-72,535
350,1,535-72-72,535-72,72
350,1,535-72-139,535-72,139
351,0,535-513-107,535-513,107
351,0,535-513-535,535-513,535
351,0,535-513-513,535-513,513
352,1,535-513-535,535-513,535
352,1,535-513-513,535-513,513
352,1,535-513-107,535-513,107
353,0,515-61-141,515-61,141
353,0,515-61-515,515-61,515
353,0,515-61-61,515-61,61
354,1,523-61-523,523-61,523
354,1,523-61-61,523-61,61
354,1,523-61-141,523-61,141
355,0,6-87-108,6-87,108
355,0,6-87-6,6-87,6
355,0,6-87-87,6-87,87
356,1,6-87-6,6-87,6
356,1,6-87-87,6-87,87
356,1,6-87-108,6-87,108
357,0,6-85-109,6-85,109
357,0,6-85-6,6-85,6
357,0,6-85-85,6-85,85
358,1,6-85-6,6-85,6
358,1,6-85-85,6-85,85
358,1,6-85-109,6-85,109
359,0,13-74-110,13-74,110
359,0,13-74-13,13-74,13
359,0,13-74-74,13-74,74
360,1,13-74-13,13-74,13
360,1,13-74-74,13-74,74
360,1,13-74-110,13-74,110
361,0,13-70-144,13-70,144
361,0,13-70-13,13-70,13
361,0,13-70-70,13-70,70
362,1,13-70-13,13-70,13
362,1,13-70-70,13-70,70
362,1,13-70-144,13-70,144
363,0,13-62-146,13-62,146
363,0,13-62-13,13-62,13
363,0,13-62-62,13-62,62
364,1,13-62-13,13-62,13
364,1,13-62-62,13-62,62
364,1,13-62-146,13-62,146
365,0,15-514-111,15-514,111
365,0,15-514-15,15-514,15
365,0,15-514-514,15-514,514
366,1,15-515-15,15-515,15
366,1,15-515-515,15-515,515
366,1,15-515-111,15-515,111
367,0,517-511-148,517-511,148
368,1,517-511-148,517-511,148
369,0,517-511-113,517-511,113
370,1,517-511-113,517-511,113
371,0,518-50-152,518-50,152
371,0,518-50-518,518-50,518
371,0,518-50-50,518-50,50
372,1,518-50-518,518-50,518
372,1,518-50-50,518-50,50
372,1,518-50-152,518-50,152
373,0,26-519-153,26-519,153
373,0,26-519-26,26-519,26
373,0,26-519-519,26-519,519
374,1,26-519-26,26-519,26
374,1,26-519-519,26-519,519
374,1,26-519-153,26-519,153
375,0,26-92-154,26-92,154
375,0,26-92-26,26-92,26
375,0,26-92-92,26-92,92
376,1,26-92-26,26-92,26
376,1,26-92-92,26-92,92
376,1,26-92-154,26-92,154
377,0,13-520-155,13-520,155
377,0,13-520-13,13-520,13
377,0,13-520-520,13-520,520
378,1,13-520-13,13-520,13
378,1,13-520-520,13-520,520
378,1,13-520-155,13-520,155
379,0,30-536-157,30-536,157
379,0,30-536-30,30-536,30
379,0,30-536-536,30-536,536
380,1,30-514-157,30-514,157
381,0,30-514-116,30-514,116
382,1,30-515-30,30-515,30
382,1,30-515-515,30-515,515
382,1,30-515-116,30-515,116
383,0,30-511-118,30-511,118
383,0,30-511-30,30-511,30
383,0,30-511-511,30-511,511
384,1,30-511-30,30-511,30
384,1,30-511-511,30-511,511
384,1,30-511-118,30-511,118
385,0,30-87-158,30-87,158
386,1,30-87-158,30-87,158
387,0,30-87-159,30-87,159
388,1,30-87-159,30-87,159
389,0,523-511-160,523-511,160
389,0,523-511-523,523-511,523
389,0,523-511-511,523-511,511
390,1,535-536-535,535-536,535
390,1,535-536-536,535-536,536
390,1,535-536-160,535-536,160
391,0,13-519-161,13-519,161
391,0,13-519-13,13-519,13
391,0,13-519-519,13-519,519
392,1,13-519-13,13-519,13
392,1,13-519-519,13-519,519
392,1,13-519-161,13-519,161
393,0,13-55-162,13-55,162
393,0,13-55-13,13-55,13
393,0,13-55-55,13-55,55
394,1,528-66-528,528-66,528
394,1,528-66-66,528-66,66
394,1,528-66-162,528-66,162
395,0,33-56-119,33-56,119
396,1,33-56-119,33-56,119
397,0,33-56-120,33-56,120
398,1,33-56-120,33-56,120
399,0,34-98-121,34-98,121
399,0,34-98-34,34-98,34
399,0,34-98-98,34-98,98
400,1,34-98-34,34-98,34
400,1,34-98-98,34-98,98
400,1,34-98-121,34-98,121
401,0,34-85-164,34-85,164
401,0,34-85-34,34-85,34
401,0,34-85-85,34-85,85
402,1,34-85-34,34-85,34
402,1,34-85-85,34-85,85
402,1,34-85-164,34-85,164
403,0,510-73-122,510-73,122
403,0,510-73-510,510-73,510
403,0,510-73-73,510-73,73
404,1,510-73-510,510-73,510
404,1,510-73-73,510-73,73
404,1,510-73-122,510-73,122
405,0,39-65-124,39-65,124
405,0,39-65-39,39-65,39
405,0,39-65-65,39-65,65
406,1,39-65-39,39-65,39
406,1,39-65-65,39-65,65
406,1,39-65-124,39-65,124
407,0,524-79-125,524-79,125
408,1,524-79-125,524-79,125
409,0,524-79-127,524-79,127
410,1,524-79-127,524-79,127
411,0,525-521-169,525-521,169
412,1,525-521-169,525-521,169
413,0,525-521-128,525-521,128
414,1,525-521-128,525-521,128
415,0,526-78-130,526-78,130
415,0,526-78-526,526-78,526
415,0,526-78-78,526-78,78
416,1,526-78-526,526-78,526
416,1,526-78-78,526-78,78
416,1,526-78-130,526-78,130
417,0,526-84-131,526-84,131
417,0,526-84-526,526-84,526
417,0,526-84-84,526-84,84
418,1,526-84-526,526-84,526
418,1,526-84-84,526-84,84
418,1,526-84-131,526-84,131
419,0,47-84-132,47-84,132
419,0,47-84-47,47-84,47
419,0,47-84-84,47-84,84
420,1,47-84-47,47-84,47
420,1,47-84-84,47-84,84
420,1,47-84-132,47-84,132
421,0,49-65-134,49-65,134
421,0,49-65-49,49-65,49
421,0,49-65-65,49-65,65
422,1,49-65-49,49-65,49
422,1,49-65-65,49-65,65
422,1,49-65-134,49-65,134
423,0,527-161-173,527-161,173
423,0,527-161-527,527-161,527
423,0,527-161-161,527-161,161
424,1,527-161-527,527-161,527
424,1,527-161-161,527-161,161
424,1,527-161-173,527-161,173
425,0,525-65-527,525-65,527
425,0,525-65-525,525-65,525
425,0,525-65-65,525-65,65
426,1,8-521-8,8-521,8
426,1,8-521-521,8-521,521
426,1,8-521-527,8-521,527
427,0,103-529-198,103-529,198
427,0,103-529-103,103-529,103
427,0,103-529-529,103-529,529
428,1,103-529-103,103-529,103
428,1,103-529-529,103-529,529
428,1,103-529-198,103-529,198
429,0,43-58-529,43-58,529
429,0,43-58-43,43-58,43
429,0,43-58-58,43-58,58
430,1,43-58-43,43-58,43
430,1,43-58-58,43-58,58
430,1,43-58-529,43-58,529
431,0,109-530-178,109-530,178
431,0,109-530-109,109-530,109
431,0,109-530-530,109-530,530
432,1,109-530-109,109-530,109
432,1,109-530-530,109-530,530
432,1,109-530-178,109-530,178
433,0,11-88-530,11-88,530
433,0,11-88-11,11-88,11
433,0,11-88-88,11-88,88
434,1,11-88-11,11-88,11
434,1,11-88-88,11-88,88
434,1,11-88-530,11-88,530
435,0,109-531-179,109-531,179
435,0,109-531-109,109-531,109
435,0,109-531-531,109-531,531
436,1,109-531-109,109-531,109
436,1,109-531-531,109-531,531
436,1,109-531-179,109-531,179
437,0,37-522-531,37-522,531
437,0,37-522-37,37-522,37
437,0,37-522-522,37-522,522
438,1,524-59-524,524-59,524
438,1,524-59-59,524-59,59
438,1,524-59-531,524-59,531
439,0,119-169-189,119-169,189
440,1,119-169-189,119-169,189
441,0,119-169-207,119-169,207
442,1,119-169-207,119-169,207
443,0,532-533-224,532-533,224
443,0,532-533-532,532-533,532
443,0,532-533-533,532-533,533
444,1,532-533-532,532-533,532
444,1,532-533-533,532-533,533
444,1,532-533-224,532-533,224
444,0,48-78-533,48-78,533
444,0,48-78-48,48-78,48
444,0,48-78-78,48-78,78
445,0,11-92-532,11-92,532
445,0,11-92-11,11-92,11
445,0,11-92-92,11-92,92
446,1,23-78-23,23-78,23
446,1,23-78-78,23-78,78
446,1,23-78-532,23-78,532
448,1,48-65-48,48-65,48
448,1,48-65-65,48-65,65
448,1,48-65-533,48-65,533
449,0,510-87-100,510-87,100
449,0,510-87-510,510-87,510
449,0,510-87-87,510-87,87
450,1,510-87-510,510-87,510
450,1,510-87-87,510-87,87
450,1,510-87-100,510-87,100
451,0,1-92-102,1-92,102
452,1,1-92-102,1-92,102
453,0,1-92-135,1-92,135
454,1,1-92-135,1-92,135
455,0,2-534-103,2-534,103
455,0,2-534-2,2-534,2
455,0,2-534-534,2-534,534
456,1,2-534-2,2-534,2
456,1,2-534-534,2-534,534
456,1,2-534-103,2-534,103
457,0,512-84-105,512-84,105
457,0,512-84-512,512-84,512
457,0,512-84-84,512-84,84
458,1,537-84-105,537-84,105
459,0,537-84-137,537-84,137
460,1,537-84-137,537-84,137
461,0,535-72-139,535-72,139
461,0,535-72-535,535-72,535
461,0,535-72-72,535-72,72
462,1,517-72-517,517-72,517
462,1,517-72-72,517-72,72
462,1,517-72-139,517-72,139
463,0,535-513-107,535-513,107
463,0,535-513-535,535-513,535
463,0,535-513-513,535-513,513
464,1,528-513-528,528-513,528
464,1,528-513-513,528-513,513
464,1,528-513-107,528-513,107
465,0,523-61-141,523-61,141
465,0,523-61-523,523-61,523
465,0,523-61-61,523-61,61
466,1,523-61-523,523-61,523
466,1,523-61-61,523-61,61
466,1,523-61-141,523-61,141
467,0,6-87-108,6-87,108
467,0,6-87-6,6-87,6
467,0,6-87-87,6-87,87
468,1,6-87-6,6-87,6
468,1,6-87-87,6-87,87
468,1,6-87-108,6-87,108
469,0,6-85-109,6-85,109
469,0,6-85-6,6-85,6
469,0,6-85-85,6-85,85
470,1,6-85-6,6-85,6
470,1,6-85-85,6-85,85
470,1,6-85-109,6-85,109
471,0,13-74-110,13-74,110
471,0,13-74-13,13-74,13
471,0,13-74-74,13-74,74
472,1,13-74-13,13-74,13
472,1,13-74-74,13-74,74
472,1,13-74-110,13-74,110
473,0,13-70-144,13-70,144
473,0,13-70-13,13-70,13
473,0,13-70-70,13-70,70
474,1,13-70-13,13-70,13
474,1,13-70-70,13-70,70
474,1,13-70-144,13-70,144
475,0,13-62-146,13-62,146
475,0,13-62-13,13-62,13
475,0,13-62-62,13-62,62
476,1,13-62-13,13-62,13
476,1,13-62-62,13-62,62
476,1,13-62-146,13-62,146
477,0,15-515-111,15-515,111
477,0,15-515-15,15-515,15
477,0,15-515-515,15-515,515
478,1,15-512-15,15-512,15
478,1,15-512-512,15-512,512
478,1,15-512-111,15-512,111
479,0,517-511-148,517-511,148
480,1,517-511-148,517-511,148
481,0,517-511-113,517-511,113
482,1,517-511-113,517-511,113
483,0,518-50-152,518-50,152
483,0,518-50-518,518-50,518
483,0,518-50-50,518-50,50
484,1,518-50-518,518-50,518
484,1,518-50-50,518-50,50
484,1,518-50-152,518-50,152
485,0,26-519-153,26-519,153
485,0,26-519-26,26-519,26
485,0,26-519-519,26-519,519
486,1,26-519-26,26-519,26
486,1,26-519-519,26-519,519
486,1,26-519-153,26-519,153
487,0,26-92-154,26-92,154
487,0,26-92-26,26-92,26
487,0,26-92-92,26-92,92
488,1,26-92-26,26-92,26
488,1,26-92-92,26-92,92
488,1,26-92-154,26-92,154
489,0,13-520-155,13-520,155
489,0,13-520-13,13-520,13
489,0,13-520-520,13-520,520
490,1,528-520-528,528-520,528
490,1,528-520-520,528-520,520
490,1,528-520-155,528-520,155
491,0,30-514-157,30-514,157
491,0,30-514-30,30-514,30
491,0,30-514-514,30-514,514
492,1,30-515-157,30-515,157
493,0,30-515-116,30-515,116
494,1,30-512-30,30-512,30
494,1,30-512-512,30-512,512
494,1,30-512-116,30-512,116
495,0,30-511-118,30-511,118
495,0,30-511-30,30-511,30
495,0,30-511-511,30-511,511
496,1,30-511-30,30-511,30
496,1,30-511-511,30-511,511
496,1,30-511-118,30-511,118
497,0,30-87-158,30-87,158
498,1,30-87-158,30-87,158
499,0,30-87-159,30-87,159
500,1,30-87-159,30-87,159
501,0,535-536-160,535-536,160
501,0,535-536-535,535-536,535
501,0,535-536-536,535-536,536
502,1,536-72-536,536-72,536
502,1,536-72-72,536-72,72
502,1,536-72-160,536-72,160
503,0,13-519-161,13-519,161
503,0,13-519-13,13-519,13
503,0,13-519-519,13-519,519
504,1,528-519-528,528-519,528
504,1,528-519-519,528-519,519
504,1,528-519-161,528-519,161
505,0,528-66-162,528-66,162
505,0,528-66-528,528-66,528
505,0,528-66-66,528-66,66
506,1,528-66-528,528-66,528
506,1,528-66-66,528-66,66
506,1,528-66-162,528-66,162
507,0,33-56-119,33-56,119
508,1,33-56-119,33-56,119
509,0,33-56-120,33-56,120
510,1,33-56-120,33-56,120
511,0,34-98-121,34-98,121
511,0,34-98-34,34-98,34
511,0,34-98-98,34-98,98
512,1,34-98-34,34-98,34
512,1,34-98-98,34-98,98
512,1,34-98-121,34-98,121
513,0,34-85-164,34-85,164
513,0,34-85-34,34-85,34
513,0,34-85-85,34-85,85
514,1,34-85-34,34-85,34
514,1,34-85-85,34-85,85
514,1,34-85-164,34-85,164
515,0,510-73-122,510-73,122
515,0,510-73-510,510-73,510
515,0,510-73-73,510-73,73
516,1,510-73-510,510-73,510
516,1,510-73-73,510-73,73
516,1,510-73-122,510-73,122
517,0,39-65-124,39-65,124
517,0,39-65-39,39-65,39
517,0,39-65-65,39-65,65
518,1,39-65-39,39-65,39
518,1,39-65-65,39-65,65
518,1,39-65-124,39-65,124
519,0,524-79-125,524-79,125
520,1,524-79-125,524-79,125
521,0,524-79-127,524-79,127
522,1,524-79-127,524-79,127
523,0,525-521-169,525-521,169
524,1,525-521-169,525-521,169
525,0,525-521-128,525-521,128
526,1,525-521-128,525-521,128
527,0,526-78-130,526-78,130
527,0,526-78-526,526-78,526
527,0,526-78-78,526-78,78
528,1,526-78-526,526-78,526
528,1,526-78-78,526-78,78
528,1,526-78-130,526-78,130
529,0,526-84-131,526-84,131
529,0,526-84-526,526-84,526
529,0,526-84-84,526-84,84
530,1,526-84-526,526-84,526
530,1,526-84-84,526-84,84
530,1,526-84-131,526-84,131
531,0,47-84-132,47-84,132
531,0,47-84-47,47-84,47
531,0,47-84-84,47-84,84
532,1,47-84-47,47-84,47
532,1,47-84-84,47-84,84
532,1,47-84-132,47-84,132
533,0,49-65-134,49-65,134
533,0,49-65-49,49-65,49
533,0,49-65-65,49-65,65
534,1,49-65-49,49-65,49
534,1,49-65-65,49-65,65
534,1,49-65-134,49-65,134
535,0,527-161-173,527-161,173
535,0,527-161-527,527-161,527
535,0,527-161-161,527-161,161
536,1,527-161-527,527-161,527
536,1,527-161-161,527-161,161
536,1,527-161-173,527-161,173
537,0,8-521-527,8-521,527
537,0,8-521-8,8-521,8
537,0,8-521-521,8-521,521
538,1,8-521-8,8-521,8
538,1,8-521-521,8-521,521
538,1,8-521-527,8-521,527
539,0,103-529-198,103-529,198
539,0,103-529-103,103-529,103
539,0,103-529-529,103-529,529
540,1,103-529-103,103-529,103
540,1,103-529-529,103-529,529
540,1,103-529-198,103-529,198
541,0,43-58-529,43-58,529
541,0,43-58-43,43-58,43
541,0,43-58-58,43-58,58
542,1,43-58-43,43-58,43
542,1,43-58-58,43-58,58
542,1,43-58-529,43-58,529
543,0,109-530-178,109-530,178
543,0,109-530-109,109-530,109
543,0,109-530-530,109-530,530
544,1,109-530-109,109-530,109
544,1,109-530-530,109-530,530
544,1,109-530-178,109-530,178
545,0,11-88-530,11-88,530
545,0,11-88-11,11-88,11
545,0,11-88-88,11-88,88
546,1,11-88-11,11-88,11
546,1,11-88-88,11-88,88
546,1,11-88-530,11-88,530
547,0,109-531-179,109-531,179
547,0,109-531-109,109-531,109
547,0,109-531-531,109-531,531
548,1,109-531-109,109-531,109
548,1,109-531-531,109-531,531
548,1,109-531-179,109-531,179
549,0,524-59-531,524-59,531
549,0,524-59-524,524-59,524
549,0,524-59-59,524-59,59
550,1,535-89-535,535-89,535
550,1,535-89-89,535-89,89
550,1,535-89-531,535-89,531
551,0,119-169-189,119-169,189
552,1,119-169-189,119-169,189
553,0,119-169-207,119-169,207
554,1,119-169-207,119-169,207
555,0,532-533-224,532-533,224
555,0,532-533-532,532-533,532
555,0,532-533-533,532-533,533
556,1,532-533-532,532-533,532
556,1,532-533-533,532-533,533
556,1,532-533-224,532-533,224
556,0,48-65-533,48-65,533
556,0,48-65-48,48-65,48
556,0,48-65-65,48-65,65
557,0,23-78-532,23-78,532
557,0,23-78-23,23-78,23
557,0,23-78-78,23-78,78
558,1,13-90-13,13-90,13
558,1,13-90-90,13-90,90
558,1,13-90-532,13-90,532
560,1,514-78-514,514-78,514
560,1,514-78-78,514-78,78
560,1,514-78-533,514-78,533
561,0,510-87-100,510-87,100
561,0,510-87-510,510-87,510
561,0,510-87-87,510-87,87
562,1,510-87-510,510-87,510
562,1,510-87-87,510-87,87
562,1,510-87-100,510-87,100
563,0,1-92-102,1-92,102
564,1,1-92-102,1-92,102
565,0,1-92-135,1-92,135
566,1,1-92-135,1-92,135
567,0,2-534-103,2-534,103
567,0,2-534-2,2-534,2
567,0,2-534-534,2-534,534
568,1,2-534-2,2-534,2
568,1,2-534-534,2-534,534
568,1,2-534-103,2-534,103
569,0,537-84-105,537-84,105
570,1,537-84-105,537-84,105
571,0,537-84-137,537-84,137
572,1,537-84-137,537-84,137
573,0,517-72-139,517-72,139
573,0,517-72-517,517-72,517
573,0,517-72-72,517-72,72
574,1,517-72-517,517-72,517
574,1,517-72-72,517-72,72
574,1,517-72-139,517-72,139
575,0,528-513-107,528-513,107
575,0,528-513-528,528-513,528
575,0,528-513-513,528-513,513
576,1,517-513-517,517-513,517
576,1,517-513-513,517-513,513
576,1,517-513-107,517-513,107
577,0,523-61-141,523-61,141
577,0,523-61-523,523-61,523
577,0,523-61-61,523-61,61
578,1,523-61-523,523-61,523
578,1,523-61-61,523-61,61
578,1,523-61-141,523-61,141
579,0,6-87-108,6-87,108
579,0,6-87-6,6-87,6
579,0,6-87-87,6-87,87
580,1,6-87-6,6-87,6
580,1,6-87-87,6-87,87
580,1,6-87-108,6-87,108
581,0,6-85-109,6-85,109
581,0,6-85-6,6-85,6
581,0,6-85-85,6-85,85
582,1,6-85-6,6-85,6
582,1,6-85-85,6-85,85
582,1,6-85-109,6-85,109
583,0,13-74-110,13-74,110
583,0,13-74-13,13-74,13
583,0,13-74-74,13-74,74
584,1,13-74-13,13-74,13
584,1,13-74-74,13-74,74
584,1,13-74-110,13-74,110
585,0,13-70-144,13-70,144
585,0,13-70-13,13-70,13
585,0,13-70-70,13-70,70
586,1,13-70-13,13-70,13
586,1,13-70-70,13-70,70
586,1,13-70-144,13-70,144
587,0,13-62-146,13-62,146
587,0,13-62-13,13-62,13
587,0,13-62-62,13-62,62
588,1,13-62-13,13-62,13
588,1,13-62-62,13-62,62
588,1,13-62-146,13-62,146
589,0,15-512-111,15-512,111
589,0,15-512-15,15-512,15
589,0,15-512-512,15-512,512
590,1,15-522-15,15-522,15
590,1,15-522-522,15-522,522
590,1,15-522-111,15-522,111
591,0,517-511-148,517-511,148
592,1,517-511-148,517-511,148
593,0,517-511-113,517-511,113
594,1,517-511-113,517-511,113
595,0,518-50-152,518-50,152
595,0,518-50-518,518-50,518
595,0,518-50-50,518-50,50
596,1,518-50-518,518-50,518
596,1,518-50-50,518-50,50
596,1,518-50-152,518-50,152
597,0,26-519-153,26-519,153
597,0,26-519-26,26-519,26
597,0,26-519-519,26-519,519
598,1,26-519-26,26-519,26
598,1,26-519-519,26-519,519
598,1,26-519-153,26-519,153
599,0,26-92-154,26-92,154
599,0,26-92-26,26-92,26
599,0,26-92-92,26-92,92
600,1,26-92-26,26-92,26
600,1,26-92-92,26-92,92
600,1,26-92-154,26-92,154
601,0,528-520-155,528-520,155
601,0,528-520-528,528-520,528
601,0,528-520-520,528-520,520
602,1,528-520-528,528-520,528
602,1,528-520-520,528-520,520
602,1,528-520-155,528-520,155
603,0,30-515-157,30-515,157
603,0,30-515-30,30-515,30
603,0,30-515-515,30-515,515
604,1,30-512-157,30-512,157
605,0,30-512-116,30-512,116
606,1,30-515-30,30-515,30
606,1,30-515-515,30-515,515
606,1,30-515-116,30-515,116
607,0,30-511-118,30-511,118
607,0,30-511-30,30-511,30
607,0,30-511-511,30-511,511
608,1,30-511-30,30-511,30
608,1,30-511-511,30-511,511
608,1,30-511-118,30-511,118
609,0,30-87-158,30-87,158
610,1,30-87-158,30-87,158
611,0,30-87-159,30-87,159
612,1,30-87-159,30-87,159
613,0,536-72-160,536-72,160
613,0,536-72-536,536-72,536
613,0,536-72-72,536-72,72
614,1,536-511-536,536-511,536
614,1,536-511-511,536-511,511
614,1,536-511-160,536-511,160
615,0,528-519-161,528-519,161
615,0,528-519-528,528-519,528
615,0,528-519-519,528-519,519
616,1,528-519-528,528-519,528
616,1,528-519-519,528-519,519
616,1,528-519-161,528-519,161
617,0,528-66-162,528-66,162
617,0,528-66-528,528-66,528
617,0,528-66-66,528-66,66
618,1,528-66-528,528-66,528
618,1,528-66-66,528-66,66
618,1,528-66-162,528-66,162
619,0,33-56-119,33-56,119
620,1,33-56-119,33-56,119
621,0,33-56-120,33-56,120
622,1,33-56-120,33-56,120
623,0,34-98-121,34-98,121
623,0,34-98-34,34-98,34
623,0,34-98-98,34-98,98
624,1,34-98-34,34-98,34
624,1,34-98-98,34-98,98
624,1,34-98-121,34-98,121
625,0,34-85-164,34-85,164
625,0,34-85-34,34-85,34
625,0,34-85-85,34-85,85
626,1,34-85-34,34-85,34
626,1,34-85-85,34-85,85
626,1,34-85-164,34-85,164
627,0,510-73-122,510-73,122
627,0,510-73-510,510-73,510
627,0,510-73-73,510-73,73
628,1,510-73-510,510-73,510
628,1,510-73-73,510-73,73
628,1,510-73-122,510-73,122
629,0,39-65-124,39-65,124
629,0,39-65-39,39-65,39
629,0,39-65-65,39-65,65
630,1,39-65-39,39-65,39
630,1,39-65-65,39-65,65
630,1,39-65-124,39-65,124
631,0,524-79-125,524-79,125
632,1,524-79-125,524-79,125
633,0,524-79-127,524-79,127
634,1,524-79-127,524-79,127
635,0,525-521-169,525-521,169
636,1,525-521-169,525-521,169
637,0,525-521-128,525-521,128
638,1,525-521-128,525-521,128
639,0,526-78-130,526-78,130
639,0,526-78-526,526-78,526
639,0,526-78-78,526-78,78
640,1,526-78-526,526-78,526
640,1,526-78-78,526-78,78
640,1,526-78-130,526-78,130
641,0,526-84-131,526-84,131
641,0,526-84-526,526-84,526
641,0,526-84-84,526-84,84
642,1,526-84-526,526-84,526
642,1,526-84-84,526-84,84
642,1,526-84-131,526-84,131
643,0,47-84-132,47-84,132
643,0,47-84-47,47-84,47
643,0,47-84-84,47-84,84
644,1,47-84-47,47-84,47
644,1,47-84-84,47-84,84
644,1,47-84-132,47-84,132
645,0,49-65-134,49-65,134
645,0,49-65-49,49-65,49
645,0,49-65-65,49-65,65
646,1,49-65-49,49-65,49
646,1,49-65-65,49-65,65
646,1,49-65-134,49-65,134
647,0,527-161-173,527-161,173
647,0,527-161-527,527-161,527
647,0,527-161-161,527-161,161
648,1,527-161-527,527-161,527
648,1,527-161-161,527-161,161
648,1,527-161-173,527-161,173
649,0,8-521-527,8-521,527
649,0,8-521-8,8-521,8
649,0,8-521-521,8-521,521
650,1,8-521-8,8-521,8
650,1,8-521-521,8-521,521
650,1,8-521-527,8-521,527
651,0,103-529-198,103-529,198
651,0,103-529-103,103-529,103
651,0,103-529-529,103-529,529
652,1,103-529-103,103-529,103
652,1,103-529-529,103-529,529
652,1,103-529-198,103-529,198
653,0,43-58-529,43-58,529
653,0,43-58-43,43-58,43
653,0,43-58-58,43-58,58
654,1,535-58-535,535-58,535
654,1,535-58-58,535-58,58
654,1,535-58-529,535-58,529
655,0,109-530-178,109-530,178
655,0,109-530-109,109-530,109
655,0,109-530-530,109-530,530
656,1,109-530-109,109-530,109
656,1,109-530-530,109-530,530
656,1,109-530-178,109-530,178
657,0,11-88-530,11-88,530
657,0,11-88-11,11-88,11
657,0,11-88-88,11-88,88
658,1,13-80-13,13-80,13
658,1,13-80-80,13-80,80
658,1,13-80-530,13-80,530
659,0,109-531-179,109-531,179
659,0,109-531-109,109-531,109
659,0,109-531-531,109-531,531
660,1,109-531-109,109-531,109
660,1,109-531-531,109-531,531
660,1,109-531-179,109-531,179
661,0,535-89-531,535-89,531
661,0,535-89-535,535-89,535
661,0,535-89-89,535-89,89
662,1,524-89-524,524-89,524
662,1,524-89-89,524-89,89
662,1,524-89-531,524-89,531
663,0,119-169-189,119-169,189
664,1,119-169-189,119-169,189
665,0,119-169-207,119-169,207
666,1,119-169-207,119-169,207
667,0,532-533-224,532-533,224
667,0,532-533-532,532-533,532
667,0,532-533-533,532-533,533
668,1,532-533-532,532-533,532
668,1,532-533-533,532-533,533
668,1,532-533-224,532-533,224
668,0,514-78-533,514-78,533
668,0,514-78-514,514-78,514
668,0,514-78-78,514-78,78
669,0,13-90-532,13-90,532
669,0,13-90-13,13-90,13
669,0,13-90-90,13-90,90
670,1,514-71-514,514-71,514
670,1,514-71-71,514-71,71
670,1,514-71-532,514-71,532
672,1,48-65-48,48-65,48
672,1,48-65-65,48-65,65
672,1,48-65-533,48-65,533
673,0,510-87-100,510-87,100
673,0,510-87-510,510-87,510
673,0,510-87-87,510-87,87
674,1,510-87-510,510-87,510
674,1,510-87-87,510-87,87
674,1,510-87-100,510-87,100
675,0,1-92-102,1-92,102
676,1,1-92-102,1-92,102
677,0,1-92-135,1-92,135
678,1,1-92-135,1-92,135
679,0,2-534-103,2-534,103
679,0,2-534-2,2-534,2
679,0,2-534-534,2-534,534
680,1,2-534-2,2-534,2
680,1,2-534-534,2-534,534
680,1,2-534-103,2-534,103
681,0,537-84-105,537-84,105
682,1,537-84-105,537-84,105
683,0,537-84-137,537-84,137
684,1,537-84-137,537-84,137
685,0,517-72-139,517-72,139
685,0,517-72-517,517-72,517
685,0,517-72-72,517-72,72
686,1,517-72-517,517-72,517
686,1,517-72-72,517-72,72
686,1,517-72-139,517-72,139
687,0,517-513-107,517-513,107
687,0,517-513-517,517-513,517
687,0,517-513-513,517-513,513
688,1,536-513-536,536-513,536
688,1,536-513-513,536-513,513
688,1,536-513-107,536-513,107
689,0,523-61-141,523-61,141
689,0,523-61-523,523-61,523
689,0,523-61-61,523-61,61
690,1,523-61-523,523-61,523
690,1,523-61-61,523-61,61
690,1,523-61-141,523-61,141
691,0,6-87-108,6-87,108
691,0,6-87-6,6-87,6
691,0,6-87-87,6-87,87
692,1,6-87-6,6-87,6
692,1,6-87-87,6-87,87
692,1,6-87-108,6-87,108
693,0,6-85-109,6-85,109
693,0,6-85-6,6-85,6
693,0,6-85-85,6-85,85
694,1,6-85-6,6-85,6
694,1,6-85-85,6-85,85
694,1,6-85-109,6-85,109
695,0,13-74-110,13-74,110
695,0,13-74-13,13-74,13
695,0,13-74-74,13-74,74
696,1,13-74-13,13-74,13
696,1,13-74-74,13-74,74
696,1,13-74-110,13-74,110
697,0,13-70-144,13-70,144
697,0,13-70-13,13-70,13
697,0,13-70-70,13-70,70
698,1,13-70-13,13-70,13
698,1,13-70-70,13-70,70
698,1,13-70-144,13-70,144
699,0,13-62-146,13-62,146
699,0,13-62-13,13-62,13
699,0,13-62-62,13-62,62
700,1,13-62-13,13-62,13
700,1,13-62-62,13-62,62
700,1,13-62-146,13-62,146
701,0,15-522-111,15-522,111
701,0,15-522-15,15-522,15
701,0,15-522-522,15-522,522
702,1,15-522-15,15-522,15
702,1,15-522-522,15-522,522
702,1,15-522-111,15-522,111
703,0,517-511-148,517-511,148
704,1,517-511-148,517-511,148
705,0,517-511-113,517-511,113
706,1,517-511-113,517-511,113
707,0,518-50-152,518-50,152
707,0,518-50-518,518-50,518
707,0,518-50-50,518-50,50
708,1,518-50-518,518-50,518
708,1,518-50-50,518-50,50
708,1,518-50-152,518-50,152
709,0,26-519-153,26-519,153
709,0,26-519-26,26-519,26
709,0,26-519-519,26-519,519
710,1,26-538-26,26-538,26
710,1,26-538-538,26-538,538
710,1,26-538-153,26-538,153
711,0,26-92-154,26-92,154
711,0,26-92-26,26-92,26
711,0,26-92-92,26-92,92
712,1,26-92-26,26-92,26
712,1,26-92-92,26-92,92
712,1,26-92-154,26-92,154
713,0,528-520-155,528-520,155
713,0,528-520-528,528-520,528
713,0,528-520-520,528-520,520
714,1,523-520-523,523-520,523
714,1,523-520-520,523-520,520
714,1,523-520-155,523-520,155
715,0,30-512-157,30-512,157
715,0,30-512-30,30-512,30
715,0,30-512-512,30-512,512
716,1,30-512-30,30-512,30
716,1,30-512-512,30-512,512
716,1,30-512-157,30-512,157
717,0,30-515-116,30-515,116
717,0,30-515-30,30-515,30
717,0,30-515-515,30-515,515
718,1,30-522-30,30-522,30
718,1,30-522-522,30-522,522
718,1,30-522-116,30-522,116
719,0,30-511-118,30-511,118
719,0,30-511-30,30-511,30
719,0,30-511-511,30-511,511
720,1,30-511-30,30-511,30
720,1,30-511-511,30-511,511
720,1,30-511-118,30-511,118
721,0,30-87-158,30-87,158
722,1,30-87-158,30-87,158
723,0,30-87-159,30-87,159
724,1,30-87-159,30-87,159
725,0,536-511-160,536-511,160
725,0,536-511-536,536-511,536
725,0,536-511-511,536-511,511
726,1,515-519-515,515-519,515
726,1,515-519-519,515-519,519
726,1,515-519-160,515-519,160
727,0,528-519-161,528-519,161
727,0,528-519-528,528-519,528
727,0,528-519-519,528-519,519
728,1,528-538-528,528-538,528
728,1,528-538-538,528-538,538
728,1,528-538-161,528-538,161
729,0,528-66-162,528-66,162
729,0,528-66-528,528-66,528
729,0,528-66-66,528-66,66
730,1,528-66-528,528-66,528
730,1,528-66-66,528-66,66
730,1,528-66-162,528-66,162
731,0,33-56-119,33-56,119
732,1,33-56-119,33-56,119
733,0,33-56-120,33-56,120
734,1,33-56-120,33-56,120
735,0,34-98-121,34-98,121
735,0,34-98-34,34-98,34
735,0,34-98-98,34-98,98
736,1,34-98-34,34-98,34
736,1,34-98-98,34-98,98
736,1,34-98-121,34-98,121
737,0,34-85-164,34-85,164
737,0,34-85-34,34-85,34
737,0,34-85-85,34-85,85
738,1,34-85-34,34-85,34
738,1,34-85-85,34-85,85
738,1,34-85-164,34-85,164
739,0,510-73-122,510-73,122
739,0,510-73-510,510-73,510
739,0,510-73-73,510-73,73
740,1,510-73-510,510-73,510
740,1,510-73-73,510-73,73
740,1,510-73-122,510-73,122
741,0,39-65-124,39-65,124
741,0,39-65-39,39-65,39
741,0,39-65-65,39-65,65
742,1,39-65-39,39-65,39
742,1,39-65-65,39-65,65
742,1,39-65-124,39-65,124
743,0,524-79-125,524-79,125
744,1,524-79-125,524-79,125
745,0,524-79-127,524-79,127
746,1,524-79-127,524-79,127
747,0,525-521-169,525-521,169
748,1,525-521-169,525-521,169
749,0,525-521-128,525-521,128
750,1,525-521-128,525-521,128
751,0,526-78-130,526-78,130
751,0,526-78-526,526-78,526
751,0,526-78-78,526-78,78
752,1,526-78-526,526-78,526
752,1,526-78-78,526-78,78
752,1,526-78-130,526-78,130
753,0,526-84-131,526-84,131
753,0,526-84-526,526-84,526
753,0,526-84-84,526-84,84
754,1,526-84-526,526-84,526
754,1,526-84-84,526-84,84
754,1,526-84-131,526-84,131
755,0,47-84-132,47-84,132
755,0,47-84-47,47-84,47
755,0,47-84-84,47-84,84
756,1,47-84-47,47-84,47
756,1,47-84-84,47-84,84
756,1,47-84-132,47-84,132
757,0,49-65-134,49-65,134
757,0,49-65-49,49-65,49
757,0,49-65-65,49-65,65
758,1,49-65-49,49-65,49
758,1,49-65-65,49-65,65
758,1,49-65-134,49-65,134
759,0,527-161-173,527-161,173
759,0,527-161-527,527-161,527
759,0,527-161-161,527-161,161
760,1,527-161-527,527-161,527
760,1,527-161-161,527-161,161
760,1,527-161-173,527-161,173
761,0,8-521-527,8-521,527
761,0,8-521-8,8-521,8
761,0,8-521-521,8-521,521
762,1,8-521-8,8-521,8
762,1,8-521-521,8-521,521
762,1,8-521-527,8-521,527
763,0,103-529-198,103-529,198
763,0,103-529-103,103-529,103
763,0,103-529-529,103-529,529
764,1,103-529-103,103-529,103
764,1,103-529-529,103-529,529
764,1,103-529-198,103-529,198
765,0,535-58-529,535-58,529
765,0,535-58-535,535-58,535
765,0,535-58-58,535-58,58
766,1,43-58-43,43-58,43
766,1,43-58-58,43-58,58
766,1,43-58-529,43-58,529
767,0,109-530-178,109-530,178
767,0,109-530-109,109-530,109
767,0,109-530-530,109-530,530
768,1,109-530-109,109-530,109
768,1,109-530-530,109-530,530
768,1,109-530-178,109-530,178
769,0,13-80-530,13-80,530
769,0,13-80-13,13-80,13
769,0,13-80-80,13-80,80
770,1,38-59-38,38-59,38
770,1,38-59-59,38-59,59
770,1,38-59-530,38-59,530
771,0,109-531-179,109-531,179
771,0,109-531-109,109-531,109
771,0,109-531-531,109-531,531
772,1,109-531-109,109-531,109
772,1,109-531-531,109-531,531
772,1,109-531-179,109-531,179
773,0,524-89-531,524-89,531
773,0,524-89-524,524-89,524
773,0,524-89-89,524-89,89
774,1,524-519-524,524-519,524
774,1,524-519-519,524-519,519
774,1,524-519-531,524-519,531
775,0,119-169-189,119-169,189
776,1,119-169-189,119-169,189
777,0,119-169-207,119-169,207
778,1,119-169-207,119-169,207
779,0,532-533-224,532-533,224
779,0,532-533-532,532-533,532
779,0,532-533-533,532-533,533
780,1,532-533-532,532-533,532
780,1,532-533-533,532-533,533
780,1,532-533-224,532-533,224
780,0,48-65-533,48-65,533
780,0,48-65-48,48-65,48
780,0,48-65-65,48-65,65
781,0,514-71-532,514-71,532
781,0,514-71-514,514-71,514
781,0,514-71-71,514-71,71
782,1,23-67-23,23-67,23
782,1,23-67-67,23-67,67
782,1,23-67-532,23-67,532
784,1,526-85-526,526-85,526
784,1,526-85-85,526-85,85
784,1,526-85-533,526-85,533
785,0,510-87-100,510-87,100
785,0,510-87-510,510-87,510
785,0,510-87-87,510-87,87
786,1,510-87-510,510-87,510
786,1,510-87-87,510-87,87
786,1,510-87-100,510-87,100
787,0,1-92-102,1-92,102
788,1,1-92-102,1-92,102
789,0,1-92-135,1-92,135
790,1,1-92-135,1-92,135
791,0,2-534-103,2-534,103
791,0,2-534-2,2-534,2
791,0,2-534-534,2-534,534
792,1,2-534-2,2-534,2
792,1,2-534-534,2-534,534
792,1,2-534-103,2-534,103
793,0,537-84-105,537-84,105
794,1,537-84-105,537-84,105
795,0,537-84-137,537-84,137
796,1,537-84-137,537-84,137
797,0,517-72-139,517-72,139
797,0,517-72-517,517-72,517
797,0,517-72-72,517-72,72
798,1,517-72-517,517-72,517
798,1,517-72-72,517-72,72
798,1,517-72-139,517-72,139
799,0,536-513-107,536-513,107
799,0,536-513-536,536-513,536
799,0,536-513-513,536-513,513
800,1,517-513-517,517-513,517
800,1,517-513-513,517-513,513
800,1,517-513-107,517-513,107
801,0,523-61-141,523-61,141
801,0,523-61-523,523-61,523
801,0,523-61-61,523-61,61
802,1,536-61-536,536-61,536
802,1,536-61-61,536-61,61
802,1,536-61-141,536-61,141
803,0,6-87-108,6-87,108
803,0,6-87-6,6-87,6
803,0,6-87-87,6-87,87
804,1,6-87-6,6-87,6
804,1,6-87-87,6-87,87
804,1,6-87-108,6-87,108
805,0,6-85-109,6-85,109
805,0,6-85-6,6-85,6
805,0,6-85-85,6-85,85
806,1,6-85-6,6-85,6
806,1,6-85-85,6-85,85
806,1,6-85-109,6-85,109
807,0,13-74-110,13-74,110
807,0,13-74-13,13-74,13
807,0,13-74-74,13-74,74
808,1,13-74-13,13-74,13
808,1,13-74-74,13-74,74
808,1,13-74-110,13-74,110
809,0,13-70-144,13-70,144
809,0,13-70-13,13-70,13
809,0,13-70-70,13-70,70
810,1,13-70-13,13-70,13
810,1,13-70-70,13-70,70
810,1,13-70-144,13-70,144
811,0,13-62-146,13-62,146
811,0,13-62-13,13-62,13
811,0,13-62-62,13-62,62
812,1,13-62-13,13-62,13
812,1,13-62-62,13-62,62
812,1,13-62-146,13-62,146
813,0,15-522-111,15-522,111
813,0,15-522-15,15-522,15
813,0,15-522-522,15-522,522
814,1,15-514-15,15-514,15
814,1,15-514-514,15-514,514
814,1,15-514-111,15-514,111
815,0,517-511-148,517-511,148
816,1,517-511-148,517-511,148
817,0,517-511-113,517-511,113
818,1,517-511-113,517-511,113
819,0,518-50-152,518-50,152
819,0,518-50-518,518-50,518
819,0,518-50-50,518-50,50
820,1,518-50-518,518-50,518
820,1,518-50-50,518-50,50
820,1,518-50-152,518-50,152
821,0,26-538-153,26-538,153
821,0,26-538-26,26-538,26
821,0,26-538-538,26-538,538
822,1,26-538-26,26-538,26
822,1,26-538-538,26-538,538
822,1,26-538-153,26-538,153
823,0,26-92-154,26-92,154
823,0,26-92-26,26-92,26
823,0,26-92-92,26-92,92
824,1,26-92-26,26-92,26
824,1,26-92-92,26-92,92
824,1,26-92-154,26-92,154
825,0,523-520-155,523-520,155
825,0,523-520-523,523-520,523
825,0,523-520-520,523-520,520
826,1,528-520-528,528-520,528
826,1,528-520-520,528-520,520
826,1,528-520-155,528-520,155
827,0,30-512-157,30-512,157
827,0,30-512-30,30-512,30
827,0,30-512-512,30-512,512
828,1,30-512-30,30-512,30
828,1,30-512-512,30-512,512
828,1,30-512-157,30-512,157
829,0,30-522-116,30-522,116
829,0,30-522-30,30-522,30
829,0,30-522-522,30-522,522
830,1,30-522-30,30-522,30
830,1,30-522-522,30-522,522
830,1,30-522-116,30-522,116
831,0,30-511-118,30-511,118
831,0,30-511-30,30-511,30
831,0,30-511-511,30-511,511
832,1,30-511-30,30-511,30
832,1,30-511-511,30-511,511
832,1,30-511-118,30-511,118
833,0,30-87-158,30-87,158
834,1,30-87-158,30-87,158
835,0,30-87-159,30-87,159
836,1,30-87-159,30-87,159
837,0,515-519-160,515-519,160
837,0,515-519-515,515-519,515
837,0,515-519-519,515-519,519
838,1,536-515-536,536-515,536
838,1,536-515-515,536-515,515
838,1,536-515-160,536-515,160
839,0,528-538-161,528-538,161
839,0,528-538-528,528-538,528
839,0,528-538-538,528-538,538
840,1,528-523-528,528-523,528
840,1,528-523-523,528-523,523
840,1,528-523-161,528-523,161
841,0,528-66-162,528-66,162
841,0,528-66-528,528-66,528
841,0,528-66-66,528-66,66
842,1,528-66-528,528-66,528
842,1,528-66-66,528-66,66
842,1,528-66-162,528-66,162
843,0,33-56-119,33-56,119
844,1,33-56-119,33-56,119
845,0,33-56-120,33-56,120
846,1,33-56-120,33-56,120
847,0,34-98-121,34-98,121
847,0,34-98-34,34-98,34
847,0,34-98-98,34-98,98
848,1,34-98-34,34-98,34
848,1,34-98-98,34-98,98
848,1,34-98-121,34-98,121
849,0,34-85-164,34-85,164
849,0,34-85-34,34-85,34
849,0,34-85-85,34-85,85
850,1,34-85-34,34-85,34
850,1,34-85-85,34-85,85
850,1,34-85-164,34-85,164
851,0,510-73-122,510-73,122
851,0,510-73-510,510-73,510
851,0,510-73-73,510-73,73
852,1,518-73-518,518-73,518
852,1,518-73-73,518-73,73
852,1,518-73-122,518-73,122
853,0,39-65-124,39-65,124
853,0,39-65-39,39-65,39
853,0,39-65-65,39-65,65
854,1,39-65-39,39-65,39
854,1,39-65-65,39-65,65
854,1,39-65-124,39-65,124
855,0,524-79-125,524-79,125
856,1,524-79-125,524-79,125
857,0,524-79-127,524-79,127
858,1,524-79-127,524-79,127
859,0,525-521-169,525-521,169
860,1,525-521-169,525-521,169
861,0,525-521-128,525-521,128
862,1,525-521-128,525-521,128
863,0,526-78-130,526-78,130
863,0,526-78-526,526-78,526
863,0,526-78-78,526-78,78
864,1,526-78-526,526-78,526
864,1,526-78-78,526-78,78
864,1,526-78-130,526-78,130
865,0,526-84-131,526-84,131
865,0,526-84-526,526-84,526
865,0,526-84-84,526-84,84
866,1,526-84-526,526-84,526
866,1,526-84-84,526-84,84
866,1,526-84-131,526-84,131
867,0,47-84-132,47-84,132
867,0,47-84-47,47-84,47
867,0,47-84-84,47-84,84
868,1,47-84-47,47-84,47
868,1,47-84-84,47-84,84
868,1,47-84-132,47-84,132
869,0,49-65-134,49-65,134
869,0,49-65-49,49-65,49
869,0,49-65-65,49-65,65
870,1,49-65-49,49-65,49
870,1,49-65-65,49-65,65
870,1,49-65-134,49-65,134
871,0,527-161-173,527-161,173
871,0,527-161-527,527-161,527
871,0,527-161-161,527-161,161
872,0,8-521-527,8-521,527
872,0,8-521-8,8-521,8
872,0,8-521-521,8-521,521
872,1,102-161-102,102-161,102
872,1,102-161-161,102-161,161
872,1,102-161-173,102-161,173
873,0,103-529-198,103-529,198
873,0,103-529-103,103-529,103
873,0,103-529-529,103-529,529
874,1,103-529-103,103-529,103
874,1,103-529-529,103-529,529
874,1,103-529-198,103-529,198
875,0,43-58-529,43-58,529
875,0,43-58-43,43-58,43
875,0,43-58-58,43-58,58
876,1,13-519-13,13-519,13
876,1,13-519-519,13-519,519
876,1,13-519-529,13-519,529
877,0,109-530-178,109-530,178
877,0,109-530-109,109-530,109
877,0,109-530-530,109-530,530
878,1,109-530-109,109-530,109
878,1,109-530-530,109-530,530
878,1,109-530-178,109-530,178
879,0,38-59-530,38-59,530
879,0,38-59-38,38-59,38
879,0,38-59-59,38-59,59
880,1,11-88-11,11-88,11
880,1,11-88-88,11-88,88
880,1,11-88-530,11-88,530
881,0,109-531-179,109-531,179
881,0,109-531-109,109-531,109
881,0,109-531-531,109-531,531
882,1,109-531-109,109-531,109
882,1,109-531-531,109-531,531
882,1,109-531-179,109-531,179
883,0,524-519-531,524-519,531
883,0,524-519-524,524-519,524
883,0,524-519-519,524-519,519
884,1,524-73-524,524-73,524
884,1,524-73-73,524-73,73
884,1,524-73-531,524-73,531
885,0,119-169-189,119-169,189
886,1,527-533-527,527-533,527
886,1,527-533-533,527-533,533
886,1,527-533-189,527-533,189
886,0,526-85-533,526-85,533
886,0,526-85-526,526-85,526
886,0,526-85-85,526-85,85
888,1,6-87-527,6-87,527
890,1,535-78-535,535-78,535
890,1,535-78-78,535-78,78
890,1,535-78-533,535-78,533
891,0,119-169-207,119-169,207
891,0,119-169-119,119-169,119
891,0,119-169-169,119-169,169
892,1,119-169-119,119-169,119
892,1,119-169-169,119-169,169
892,1,119-169-207,119-169,207
893,0,532-533-224,532-533,224
893,0,532-533-532,532-533,532
893,0,532-533-533,532-533,533
894,1,532-533-532,532-533,532
894,1,532-533-533,532-533,533
894,1,532-533-224,532-533,224
894,0,535-78-533,535-78,533
894,0,535-78-535,535-78,535
894,0,535-78-78,535-78,78
895,0,23-67-532,23-67,532
895,0,23-67-23,23-67,23
895,0,23-67-67,23-67,67
896,1,23-67-23,23-67,23
896,1,23-67-67,23-67,67
896,1,23-67-532,23-67,532
898,1,48-535-48,48-535,48
898,1,48-535-535,48-535,535
898,1,48-535-533,48-535,533
899,0,510-87-100,510-87,100
899,0,510-87-510,510-87,510
899,0,510-87-87,510-87,87
900,1,510-87-510,510-87,510
900,1,510-87-87,510-87,87
900,1,510-87-100,510-87,100
901,0,1-92-102,1-92,102
902,1,1-92-102,1-92,102
903,0,1-92-135,1-92,135
904,1,1-92-135,1-92,135
905,0,2-534-103,2-534,103
905,0,2-534-2,2-534,2
905,0,2-534-534,2-534,534
906,1,2-534-2,2-534,2
906,1,2-534-534,2-534,534
906,1,2-534-103,2-534,103
907,0,537-84-105,537-84,105
908,1,537-84-105,537-84,105
909,0,537-84-137,537-84,137
910,1,537-84-137,537-84,137
911,0,517-72-139,517-72,139
911,0,517-72-517,517-72,517
911,0,517-72-72,517-72,72
912,1,517-72-517,517-72,517
912,1,517-72-72,517-72,72
912,1,517-72-139,517-72,139
913,0,517-513-107,517-513,107
913,0,517-513-517,517-513,517
913,0,517-513-513,517-513,513
914,1,513-520-513,513-520,513
914,1,513-520-520,513-520,520
914,1,513-520-107,513-520,107
915,0,536-61-141,536-61,141
915,0,536-61-536,536-61,536
915,0,536-61-61,536-61,61
916,1,539-61-539,539-61,539
916,1,539-61-61,539-61,61
916,1,539-61-141,539-61,141
917,0,6-87-108,6-87,108
918,1,6-87-108,6-87,108
919,0,6-85-109,6-85,109
919,0,6-85-6,6-85,6
919,0,6-85-85,6-85,85
920,1,6-85-6,6-85,6
920,1,6-85-85,6-85,85
920,1,6-85-109,6-85,109
921,0,13-74-110,13-74,110
921,0,13-74-13,13-74,13
921,0,13-74-74,13-74,74
922,1,13-74-13,13-74,13
922,1,13-74-74,13-74,74
922,1,13-74-110,13-74,110
923,0,13-70-144,13-70,144
923,0,13-70-13,13-70,13
923,0,13-70-70,13-70,70
924,1,13-70-13,13-70,13
924,1,13-70-70,13-70,70
924,1,13-70-144,13-70,144
925,0,13-62-146,13-62,146
925,0,13-62-13,13-62,13
925,0,13-62-62,13-62,62
926,1,13-62-13,13-62,13
926,1,13-62-62,13-62,62
926,1,13-62-146,13-62,146
927,0,15-514-111,15-514,111
927,0,15-514-15,15-514,15
927,0,15-514-514,15-514,514
928,1,15-514-15,15-514,15
928,1,15-514-514,15-514,514
928,1,15-514-111,15-514,111
929,0,517-511-148,517-511,148
930,1,517-511-148,517-511,148
931,0,517-511-113,517-511,113
932,1,517-511-113,517-511,113
933,0,518-50-152,518-50,152
933,0,518-50-518,518-50,518
933,0,518-50-50,518-50,50
934,1,518-50-518,518-50,518
934,1,518-50-50,518-50,50
934,1,518-50-152,518-50,152
935,0,26-538-153,26-538,153
935,0,26-538-26,26-538,26
935,0,26-538-538,26-538,538
936,1,26-538-26,26-538,26
936,1,26-538-538,26-538,538
936,1,26-538-153,26-538,153
937,0,26-92-154,26-92,154
937,0,26-92-26,26-92,26
937,0,26-92-92,26-92,92
938,1,26-92-26,26-92,26
938,1,26-92-92,26-92,92
938,1,26-92-154,26-92,154
939,0,528-520-155,528-520,155
939,0,528-520-528,528-520,528
939,0,528-520-520,528-520,520
940,1,13-540-13,13-540,13
940,1,13-540-540,13-540,540
940,1,13-540-155,13-540,155
941,0,30-512-157,30-512,157
941,0,30-512-30,30-512,30
941,0,30-512-512,30-512,512
942,1,30-512-30,30-512,30
942,1,30-512-512,30-512,512
942,1,30-512-157,30-512,157
943,0,30-522-116,30-522,116
943,0,30-522-30,30-522,30
943,0,30-522-522,30-522,522
944,1,30-515-30,30-515,30
944,1,30-515-515,30-515,515
944,1,30-515-116,30-515,116
945,0,30-511-118,30-511,118
945,0,30-511-30,30-511,30
945,0,30-511-511,30-511,511
946,1,30-511-30,30-511,30
946,1,30-511-511,30-511,511
946,1,30-511-118,30-511,118
947,0,30-87-158,30-87,158
948,1,30-87-158,30-87,158
949,0,30-87-159,30-87,159
950,1,30-87-159,30-87,159
951,0,536-515-160,536-515,160
951,0,536-515-536,536-515,536
951,0,536-515-515,536-515,515
952,1,536-511-536,536-511,536
952,1,536-511-511,536-511,511
952,1,536-511-160,536-511,160
953,0,528-523-161,528-523,161
953,0,528-523-528,528-523,528
953,0,528-523-523,528-523,523
954,1,528-523-528,528-523,528
954,1,528-523-523,528-523,523
954,1,528-523-161,528-523,161
955,0,528-66-162,528-66,162
955,0,528-66-528,528-66,528
955,0,528-66-66,528-66,66
956,1,528-66-528,528-66,528
956,1,528-66-66,528-66,66
956,1,528-66-162,528-66,162
957,0,33-56-119,33-56,119
958,1,33-56-119,33-56,119
959,0,33-56-120,33-56,120
960,1,522-58-522,522-58,522
960,1,522-58-58,522-58,58
960,1,522-58-120,522-58,120
961,0,34-98-121,34-98,121
961,0,34-98-34,34-98,34
961,0,34-98-98,34-98,98
962,1,34-98-34,34-98,34
962,1,34-98-98,34-98,98
962,1,34-98-121,34-98,121
963,0,34-85-164,34-85,164
963,0,34-85-34,34-85,34
963,0,34-85-85,34-85,85
964,1,34-85-34,34-85,34
964,1,34-85-85,34-85,85
964,1,34-85-164,34-85,164
965,0,518-73-122,518-73,122
965,0,518-73-518,518-73,518
965,0,518-73-73,518-73,73
966,1,518-73-518,518-73,518
966,1,518-73-73,518-73,73
966,1,518-73-122,518-73,122
967,0,39-65-124,39-65,124
967,0,39-65-39,39-65,39
967,0,39-65-65,39-65,65
968,1,39-65-39,39-65,39
968,1,39-65-65,39-65,65
968,1,39-65-124,39-65,124
969,0,524-79-125,524-79,125
970,1,524-79-125,524-79,125
971,0,524-79-127,524-79,127
972,1,524-79-127,524-79,127
973,0,525-521-169,525-521,169
974,1,525-521-169,525-521,169
975,0,525-521-128,525-521,128
976,1,541-542-541,541-542,541
976,1,541-542-542,541-542,542
976,1,541-542-128,541-542,128
977,0,526-78-130,526-78,130
977,0,526-78-526,526-78,526
977,0,526-78-78,526-78,78
978,1,526-78-526,526-78,526
978,1,526-78-78,526-78,78
978,1,526-78-130,526-78,130
979,0,526-84-131,526-84,131
979,0,526-84-526,526-84,526
979,0,526-84-84,526-84,84
980,1,526-84-526,526-84,526
980,1,526-84-84,526-84,84
980,1,526-84-131,526-84,131
981,0,47-84-132,47-84,132
981,0,47-84-47,47-84,47
981,0,47-84-84,47-84,84
982,1,47-84-47,47-84,47
982,1,47-84-84,47-84,84
982,1,47-84-132,47-84,132
983,0,49-65-134,49-65,134
983,0,49-65-49,49-65,49
983,0,49-65-65,49-65,65
984,1,49-65-49,49-65,49
984,1,49-65-65,49-65,65
984,1,49-65-134,49-65,134
985,0,102-161-173,102-161,173
985,0,102-161-102,102-161,102
985,0,102-161-161,102-161,161
986,1,527-543-527,527-543,527
986,1,527-543-543,527-543,543
986,1,527-543-173,527-543,173
987,0,6-87-527,6-87,527
988,1,8-538-8,8-538,8
988,1,8-538-538,8-538,538
988,1,8-538-527,8-538,527
990,1,528-57-528,528-57,528
990,1,528-57-57,528-57,57
990,1,528-57-543,528-57,543
991,0,103-529-198,103-529,198
991,0,103-529-103,103-529,103
991,0,103-529-529,103-529,529
992,1,103-529-103,103-529,103
992,1,103-529-529,103-529,529
992,1,103-529-198,103-529,198
993,0,13-519-529,13-519,529
993,0,13-519-13,13-519,13
993,0,13-519-519,13-519,519
994,1,43-58-43,43-58,43
994,1,43-58-58,43-58,58
994,1,43-58-529,43-58,529
995,0,109-530-178,109-530,178
995,0,109-530-109,109-530,109
995,0,109-530-530,109-530,530
996,1,109-530-109,109-530,109
996,1,109-530-530,109-530,530
996,1,109-530-178,109-530,178
997,0,11-88-530,11-88,530
997,0,11-88-11,11-88,11
997,0,11-88-88,11-88,88
998,1,11-88-11,11-88,11
998,1,11-88-88,11-88,88
998,1,11-88-530,11-88,530
999,0,109-531-179,109-531,179
999,0,109-531-109,109-531,109
999,0,109-531-531,109-531,531
1000,1,109-531-109,109-531,109
1000,1,109-531-531,109-531,531
1000,1,109-531-179,109-531,179
1001,0,524-73-531,524-73,531
1001,0,524-73-524,524-73,524
1001,0,524-73-73,524-73,73
1002,1,524-73-524,524-73,524
1002,1,524-73-73,524-73,73
1002,1,524-73-531,524-73,531
1003,0,527-533-189,527-533,189
1003,0,527-533-527,527-533,527
1003,0,527-533-533,527-533,533
1004,1,527-519-527,527-519,527
1004,1,527-519-519,527-519,519
1004,1,527-519-189,527-519,189
1005,0,8-538-527,8-538,527
1005,0,8-538-8,8-538,8
1005,0,8-538-538,8-538,538
1006,1,541-92-541,541-92,541
1006,1,541-92-92,541-92,92
1006,1,541-92-527,541-92,527
1008,1,11-88-519,11-88,519
1009,0,119-169-207,119-169,207
1009,0,119-169-119,119-169,119
1009,0,119-169-169,119-169,169
1010,1,119-169-119,119-169,119
1010,1,119-169-169,119-169,169
1010,1,119-169-207,119-169,207
1011,0,532-533-224,532-533,224
1011,0,532-533-532,532-533,532
1011,0,532-533-533,532-533,533
1012,1,532-533-532,532-533,532
1012,1,532-533-533,532-533,533
1012,1,532-533-224,532-533,224
1012,0,48-535-533,48-535,533
1012,0,48-535-48,48-535,48
1012,0,48-535-535,48-535,535
1013,0,23-67-532,23-67,532
1013,0,23-67-23,23-67,23
1013,0,23-67-67,23-67,67
1014,1,526-538-526,526-538,526
1014,1,526-538-538,526-538,538
1014,1,526-538-532,526-538,532
1016,1,23-65-23,23-65,23
1016,1,23-65-65,23-65,65
1016,1,23-65-533,23-65,533
1017,0,510-87-100,510-87,100
1017,0,510-87-510,510-87,510
1017,0,510-87-87,510-87,87
1018,1,510-87-510,510-87,510
1018,1,510-87-87,510-87,87
1018,1,510-87-100,510-87,100
1019,0,1-92-102,1-92,102
1020,1,1-92-102,1-92,102
1021,0,1-92-135,1-92,135
1022,1,1-92-135,1-92,135
1023,0,2-534-103,2-534,103
1023,0,2-534-2,2-534,2
1023,0,2-534-534,2-534,534
1024,1,2-534-2,2-534,2
1024,1,2-534-534,2-534,534
1024,1,2-534-103,2-534,103
1025,0,537-84-105,537-84,105
1026,1,537-84-105,537-84,105
1027,0,537-84-137,537-84,137
1028,1,537-84-137,537-84,137
1029,0,517-72-139,517-72,139
1029,0,517-72-517,517-72,517
1029,0,517-72-72,517-72,72
1030,1,513-72-513,513-72,513
1030,1,513-72-72,513-72,72
1030,1,513-72-139,513-72,139
1031,0,513-520-107,513-520,107
1031,0,513-520-513,513-520,513
1031,0,513-520-520,513-520,520
1032,1,513-520-513,513-520,513
1032,1,513-520-520,513-520,520
1032,1,513-520-107,513-520,107
1033,0,539-61-141,539-61,141
1033,0,539-61-539,539-61,539
1033,0,539-61-61,539-61,61
1034,1,539-61-539,539-61,539
1034,1,539-61-61,539-61,61
1034,1,539-61-141,539-61,141
1035,0,6-87-108,6-87,108
1035,0,6-87-6,6-87,6
1035,0,6-87-87,6-87,87
1036,1,6-87-6,6-87,6
1036,1,6-87-87,6-87,87
1036,1,6-87-108,6-87,108
1037,0,6-85-109,6-85,109
1037,0,6-85-6,6-85,6
1037,0,6-85-85,6-85,85
1038,1,6-85-6,6-85,6
1038,1,6-85-85,6-85,85
1038,1,6-85-109,6-85,109
1039,0,13-74-110,13-74,110
1039,0,13-74-13,13-74,13
1039,0,13-74-74,13-74,74
1040,1,13-74-13,13-74,13
1040,1,13-74-74,13-74,74
1040,1,13-74-110,13-74,110
1041,0,13-70-144,13-70,144
1041,0,13-70-13,13-70,13
1041,0,13-70-70,13-70,70
1042,1,13-70-13,13-70,13
1042,1,13-70-70,13-70,70
1042,1,13-70-144,13-70,144
1043,0,13-62-146,13-62,146
1043,0,13-62-13,13-62,13
1043,0,13-62-62,13-62,62
1044,1,13-62-13,13-62,13
1044,1,13-62-62,13-62,62
1044,1,13-62-146,13-62,146
1045,0,15-514-111,15-514,111
1045,0,15-514-15,15-514,15
1045,0,15-514-514,15-514,514
1046,1,15-514-15,15-514,15
1046,1,15-514-514,15-514,514
1046,1,15-514-111,15-514,111
1047,0,517-511-148,517-511,148
1048,1,517-511-148,517-511,148
1049,0,517-511-113,517-511,113
1050,1,517-511-113,517-511,113
1051,0,518-50-152,518-50,152
1051,0,518-50-518,518-50,518
1051,0,518-50-50,518-50,50
1052,1,518-50-518,518-50,518
1052,1,518-50-50,518-50,50
1052,1,518-50-152,518-50,152
1053,0,26-538-153,26-538,153
1053,0,26-538-26,26-538,26
1053,0,26-538-538,26-538,538
1054,1,26-538-26,26-538,26
1054,1,26-538-538,26-538,538
1054,1,26-538-153,26-538,153
1055,0,26-92-154,26-92,154
1055,0,26-92-26,26-92,26
1055,0,26-92-92,26-92,92
1056,1,26-92-26,26-92,26
1056,1,26-92-92,26-92,92
1056,1,26-92-154,26-92,154
1057,0,13-540-155,13-540,155
1057,0,13-540-13,13-540,13
1057,0,13-540-540,13-540,540
1058,1,540-523-540,540-523,540
1058,1,540-523-523,540-523,523
1058,1,540-523-155,540-523,155
1059,0,30-512-157,30-512,157
1059,0,30-512-30,30-512,30
1059,0,30-512-512,30-512,512
1060,1,30-512-30,30-512,30
1060,1,30-512-512,30-512,512
1060,1,30-512-157,30-512,157
1061,0,30-515-116,30-515,116
1061,0,30-515-30,30-515,30
1061,0,30-515-515,30-515,515
1062,1,30-514-30,30-514,30
1062,1,30-514-514,30-514,514
1062,1,30-514-116,30-514,116
1063,0,30-511-118,30-511,118
1063,0,30-511-30,30-511,30
1063,0,30-511-511,30-511,511
1064,1,30-511-30,30-511,30
1064,1,30-511-511,30-511,511
1064,1,30-511-118,30-511,118
1065,0,30-87-158,30-87,158
1066,1,30-87-158,30-87,158
1067,0,30-87-159,30-87,159
1068,1,30-87-159,30-87,159
1069,0,536-511-160,536-511,160
1069,0,536-511-536,536-511,536
1069,0,536-511-511,536-511,511
1070,1,536-511-536,536-511,536
1070,1,536-511-511,536-511,511
1070,1,536-511-160,536-511,160
1071,0,528-523-161,528-523,161
1071,0,528-523-528,528-523,528
1071,0,528-523-523,528-523,523
1072,1,528-515-528,528-515,528
1072,1,528-515-515,528-515,515
1072,1,528-515-161,528-515,161
1073,0,528-66-162,528-66,162
1073,0,528-66-528,528-66,528
1073,0,528-66-66,528-66,66
1074,1,528-66-528,528-66,528
1074,1,528-66-66,528-66,66
1074,1,528-66-162,528-66,162
1075,0,33-56-119,33-56,119
1075,0,33-56-33,33-56,33
1075,0,33-56-56,33-56,56
1076,1,33-56-33,33-56,33
1076,1,33-56-56,33-56,56
1076,1,33-56-119,33-56,119
1077,0,522-58-120,522-58,120
1077,0,522-58-522,522-58,522
1077,0,522-58-58,522-58,58
1078,1,528-522-528,528-522,528
1078,1,528-522-522,528-522,522
1078,1,528-522-120,528-522,120
1079,0,34-98-121,34-98,121
1079,0,34-98-34,34-98,34
1079,0,34-98-98,34-98,98
1080,1,34-98-34,34-98,34
1080,1,34-98-98,34-98,98
1080,1,34-98-121,34-98,121
1081,0,34-85-164,34-85,164
1081,0,34-85-34,34-85,34
1081,0,34-85-85,34-85,85
1082,1,34-85-34,34-85,34
1082,1,34-85-85,34-85,85
1082,1,34-85-164,34-85,164
1083,0,518-73-122,518-73,122
1083,0,518-73-518,518-73,518
1083,0,518-73-73,518-73,73
1084,1,518-73-518,518-73,518
1084,1,518-73-73,518-73,73
1084,1,518-73-122,518-73,122
1085,0,39-65-124,39-65,124
1085,0,39-65-39,39-65,39
1085,0,39-65-65,39-65,65
1086,1,39-65-39,39-65,39
1086,1,39-65-65,39-65,65
1086,1,39-65-124,39-65,124
1087,0,524-79-125,524-79,125
1088,1,524-79-125,524-79,125
1089,0,524-79-127,524-79,127
1090,1,525-535-525,525-535,525
1090,1,525-535-535,525-535,535
1090,1,525-535-127,525-535,127
1091,0,525-521-169,525-521,169
1091,0,525-521-525,525-521,525
1091,0,525-521-521,525-521,521
1092,1,541-542-169,541-542,169
1093,0,541-542-128,541-542,128
1094,1,541-542-128,541-542,128
1095,0,526-78-130,526-78,130
1095,0,526-78-526,526-78,526
1095,0,526-78-78,526-78,78
1096,1,526-78-526,526-78,526
1096,1,526-78-78,526-78,78
1096,1,526-78-130,526-78,130
1097,0,526-84-131,526-84,131
1097,0,526-84-526,526-84,526
1097,0,526-84-84,526-84,84
1098,1,526-84-526,526-84,526
1098,1,526-84-84,526-84,84
1098,1,526-84-131,526-84,131
1099,0,47-84-132,47-84,132
1099,0,47-84-47,47-84,47
1099,0,47-84-84,47-84,84
1100,1,47-84-47,47-84,47
1100,1,47-84-84,47-84,84
1100,1,47-84-132,47-84,132
1101,0,49-65-134,49-65,134
1101,0,49-65-49,49-65,49
1101,0,49-65-65,49-65,65
1102,1,49-65-49,49-65,49
1102,1,49-65-65,49-65,65
1102,1,49-65-134,49-65,134
1103,0,527-543-173,527-543,173
1103,0,527-543-527,527-543,527
1103,0,527-543-543,527-543,543
1104,0,528-57-543,528-57,543
1104,0,528-57-528,528-57,528
1104,0,528-57-57,528-57,57
1104,1,543-544-543,543-544,543
1104,1,543-544-544,543-544,544
1104,1,543-544-173,543-544,173
1106,1,545-96-545,545-96,545
1106,1,545-96-96,545-96,96
1106,1,545-96-543,545-96,543
1108,1,2-535-2,2-535,2
1108,1,2-535-535,2-535,535
1108,1,2-535-544,2-535,544
1109,0,103-529-198,103-529,198
1109,0,103-529-103,103-529,103
1109,0,103-529-529,103-529,529
1110,1,546-529-546,546-529,546
1110,1,546-529-529,546-529,529
1110,1,546-529-198,546-529,198
1110,0,43-58-529,43-58,529
1110,0,43-58-43,43-58,43
1110,0,43-58-58,43-58,58
1112,1,47-58-47,47-58,47
1112,1,47-58-58,47-58,58
1112,1,47-58-546,47-58,546
1114,1,547-522-547,547-522,547
1114,1,547-522-522,547-522,522
1114,1,547-522-529,547-522,529
1115,0,109-530-178,109-530,178
1115,0,109-530-109,109-530,109
1115,0,109-530-530,109-530,530
1116,0,11-88-530,11-88,530
1116,1,109-519-109,109-519,109
1116,1,109-519-519,109-519,519
1116,1,109-519-178,109-519,178
1117,0,11-88-519,11-88,519
1117,0,11-88-11,11-88,11
1117,0,11-88-88,11-88,88
1118,1,38-88-38,38-88,38
1118,1,38-88-88,38-88,88
1118,1,38-88-519,38-88,519
1119,0,109-531-179,109-531,179
1119,0,109-531-109,109-531,109
1119,0,109-531-531,109-531,531
1120,1,109-531-109,109-531,109
1120,1,109-531-531,109-531,531
1120,1,109-531-179,109-531,179
1121,0,524-73-531,524-73,531
1121,0,524-73-524,524-73,524
1121,0,524-73-73,524-73,73
1122,1,530-73-530,530-73,530
1122,1,530-73-73,530-73,73
1122,1,530-73-531,530-73,531
1123,0,527-519-189,527-519,189
1123,0,527-519-527,527-519,527
1123,0,527-519-519,527-519,519
1124,0,541-92-527,541-92,527
1124,0,541-92-541,541-92,541
1124,0,541-92-92,541-92,92
1124,1,119-169-189,119-169,189
1125,0,119-169-207,119-169,207
1126,1,119-169-207,119-169,207
1127,0,532-533-224,532-533,224
1127,0,532-533-532,532-533,532
1127,0,532-533-533,532-533,533
1128,0,526-538-532,526-538,532
1128,0,526-538-526,526-538,526
1128,0,526-538-538,526-538,538
1128,1,119-533-119,119-533,119
1128,1,119-533-533,119-533,533
1128,1,119-533-224,119-533,224
1129,0,23-65-533,23-65,533
1129,0,23-65-23,23-65,23
1129,0,23-65-65,23-65,65
1130,1,532-94-532,532-94,532
1130,1,532-94-94,532-94,94
1130,1,532-94-533,532-94,533
